SampleNumber,Site,Start Depth (m),End Depth (m),CollectDate,Test,Param,Result,Results_Units,RepLimit,Instrument,Results_Method,AnalysisEmployee,AnalysisTime,Comments
2024010803-01,114 LA CB 1m,,,1/8/2024,Anions,Cl,0.25,mg/L,0.01,Shimadzu HIC-ESP,ELA-ClSO4,shavens,7/15/2024 2:00:00 AM,
2024010803-01,114 LA CB 1m,,,1/8/2024,Anions,SO4,1.3,mg/L,0.06,Shimadzu HIC-ESP,ELA-ClSO4,shavens,7/15/2024 2:00:00 AM,
2024010803-01,114 LA CB 1m,,,1/8/2024,Archive,Archive,,,,,ELA-Archive,,,
2024010803-01,114 LA CB 1m,,,1/8/2024,Cations,Ca,,mg/L,,4210 Microwave Plasma Atomic Emission Spectrometer,ELA-Cations,,,
2024010803-01,114 LA CB 1m,,,1/8/2024,Cations,Fe,,mg/L,,4210 Microwave Plasma Atomic Emission Spectrometer,ELA-Cations,,,
2024010803-01,114 LA CB 1m,,,1/8/2024,Cations,K,,mg/L,,4210 Microwave Plasma Atomic Emission Spectrometer,ELA-Cations,,,
2024010803-01,114 LA CB 1m,,,1/8/2024,Cations,Mg,,mg/L,,4210 Microwave Plasma Atomic Emission Spectrometer,ELA-Cations,,,
2024010803-01,114 LA CB 1m,,,1/8/2024,Cations,Mn,,mg/L,,4210 Microwave Plasma Atomic Emission Spectrometer,ELA-Cations,,,
2024010803-01,114 LA CB 1m,,,1/8/2024,Cations,Mo,,mg/L,,4210 Microwave Plasma Atomic Emission Spectrometer,ELA-Cations,,,
2024010803-01,114 LA CB 1m,,,1/8/2024,Cations,Na,,mg/L,,4210 Microwave Plasma Atomic Emission Spectrometer,ELA-Cations,,,
2024010803-01,114 LA CB 1m,,,1/8/2024,Cations,Zn,,mg/L,,4210 Microwave Plasma Atomic Emission Spectrometer,ELA-Cations,,,
2024010803-01,114 LA CB 1m,,,1/8/2024,Chla,Chla,7.03,엲/L,0.5,Turner Designs Trilogy Fluorometer,ELA-Chla,,,
2024010803-01,114 LA CB 1m,,,1/8/2024,DIC,DIC,199,엸ol/L,3.04,LI-850 LI-COR CO2/H20 Gas Analyzer,ELA-DIC,pbulloch,1/8/2024 2:00:00 AM,
2024010803-01,114 LA CB 1m,,,1/8/2024,DOC,DOC,,엸ol/L,,Elementar Enviro-TOC,ELA-DOC,,,
2024010803-01,114 LA CB 1m,,,1/8/2024,Filtration,Volume filtered,,mL,,,ELA-Filtration,,,
2024010803-01,114 LA CB 1m,,,1/8/2024,NH3,NH3-N,54,엲/L,4,AutoAnalyzer 3,ELA-NOxNH3,bcooney,1/8/2024 2:00:00 AM,
2024010803-01,114 LA CB 1m,,,1/8/2024,NO2,NO2-N,0.4,엲/L,0.2,AutoAnalyzer 3,ELA-NOxNH3,bcooney,1/8/2024 2:00:00 AM,
2024010803-01,114 LA CB 1m,,,1/8/2024,NO3,NO3-N,11,엲/L,1,AutoAnalyzer 3,ELA-NOxNH3,bcooney,1/8/2024 2:00:00 AM,
2024010803-01,114 LA CB 1m,,,1/8/2024,Part C/N,Part C,,엲/L,,Elementar UNICUBE Organic Elemental Analyzer,ELA-PartCN,,,
2024010803-01,114 LA CB 1m,,,1/8/2024,Part C/N,Part N,,엲/L,10,Elementar UNICUBE Organic Elemental Analyzer,ELA-PartCN,,,
2024010803-01,114 LA CB 1m,,,1/8/2024,Part P,Part P,10,엲/L,1,Shimadzu UV1800 Scanning Spectrophotometer,ELA-PartP,cleclerc,7/25/2024 2:00:00 AM,
2024010803-01,114 LA CB 1m,,,1/8/2024,pH,pH,5.99,SU,,Fisher Scientific Accumet pH meter,ELA-pH,pbulloch,1/8/2024 2:00:00 AM,
2024010803-01,114 LA CB 1m,,,1/8/2024,Phytoplankton taxonomy,Total Biomass,,mg/m^3,1,Zeiss invertoscope inverted microscope,ELA-Phytoplankton taxonomy,,,
2024010803-01,114 LA CB 1m,,,1/8/2024,SRSi,SRSi,0.459,mg/L,0.003,Shimadzu UV1800 Scanning Spectrophotometer,ELA-SRSi,cleclerc,7/11/2024 2:00:00 AM,
2024010803-01,114 LA CB 1m,,,1/8/2024,TDN,TDN,376,엲/L,12,AutoAnalyzer 3,ELA-TDN/TDP,bcooney,1/9/2024 2:00:00 AM,
2024010803-01,114 LA CB 1m,,,1/8/2024,TDP,TDP,2.1,엲/L,0.4,AutoAnalyzer 3,ELA-TDN/TDP,bcooney,1/9/2024 2:00:00 AM,
2024010803-03,114 LA CB PE,,,1/8/2024,Zooplankton taxonomy,Total Biomass,,,,Zeiss invertoscope inverted microscope,ELA-Single barrel,,,
2024010803-04,114 LA CB PE,,,1/8/2024,Zooplankton archive,13C,,,,53-엸 Zoonet,ELA-Single barrel,,,
2024032003-01,114 LA CB 1m,,,3/20/2024,Alk,Alk,85.6,엔q/L,,MANTECH MT-100,ELA-MT100,pbulloch,3/20/2024 2:00:00 AM,
2024032003-01,114 LA CB 1m,,,3/20/2024,Anions,Cl,0.27,mg/L,0.01,Shimadzu HIC-ESP,ELA-ClSO4,shavens,7/23/2024 2:00:00 AM,
2024032003-01,114 LA CB 1m,,,3/20/2024,Anions,SO4,1.37,mg/L,0.07,Shimadzu HIC-ESP,ELA-ClSO4,shavens,7/23/2024 2:00:00 AM,
2024032003-01,114 LA CB 1m,,,3/20/2024,Archive,Archive,,,,,ELA-Archive,,,
2024032003-01,114 LA CB 1m,,,3/20/2024,Cations,Ca,,mg/L,,4210 Microwave Plasma Atomic Emission Spectrometer,ELA-Cations,,,
2024032003-01,114 LA CB 1m,,,3/20/2024,Cations,Fe,,mg/L,,4210 Microwave Plasma Atomic Emission Spectrometer,ELA-Cations,,,
2024032003-01,114 LA CB 1m,,,3/20/2024,Cations,K,,mg/L,,4210 Microwave Plasma Atomic Emission Spectrometer,ELA-Cations,,,
2024032003-01,114 LA CB 1m,,,3/20/2024,Cations,Mg,,mg/L,,4210 Microwave Plasma Atomic Emission Spectrometer,ELA-Cations,,,
2024032003-01,114 LA CB 1m,,,3/20/2024,Cations,Mn,,mg/L,,4210 Microwave Plasma Atomic Emission Spectrometer,ELA-Cations,,,
2024032003-01,114 LA CB 1m,,,3/20/2024,Cations,Mo,,mg/L,,4210 Microwave Plasma Atomic Emission Spectrometer,ELA-Cations,,,
2024032003-01,114 LA CB 1m,,,3/20/2024,Cations,Na,,mg/L,,4210 Microwave Plasma Atomic Emission Spectrometer,ELA-Cations,,,
2024032003-01,114 LA CB 1m,,,3/20/2024,Cations,Zn,,mg/L,,4210 Microwave Plasma Atomic Emission Spectrometer,ELA-Cations,,,
2024032003-01,114 LA CB 1m,,,3/20/2024,Chla,Chla,3.52,엲/L,0.5,Turner Designs Trilogy Fluorometer,ELA-Chla,cleclerc,8/22/2024 2:00:00 AM,
2024032003-01,114 LA CB 1m,,,3/20/2024,DIC,DIC,294,엸ol/L,2.91,LI-850 LI-COR CO2/H20 Gas Analyzer,ELA-DIC,pbulloch,3/20/2024 2:00:00 AM,
2024032003-01,114 LA CB 1m,,,3/20/2024,Filtration,Volume filtered,,mL,,,ELA-Filtration,,,
2024032003-01,114 LA CB 1m,,,3/20/2024,NH3,NH3-N,59,엲/L,4,AutoAnalyzer 3,ELA-NOxNH3,bcooney,3/20/2024 2:00:00 AM,
2024032003-01,114 LA CB 1m,,,3/20/2024,NO2,NO2-N,0.3,엲/L,0.2,AutoAnalyzer 3,ELA-NOxNH3,bcooney,3/21/2024 2:00:00 AM,
2024032003-01,114 LA CB 1m,,,3/20/2024,NO3,NO3-N,11,엲/L,0.5,AutoAnalyzer 3,ELA-NOxNH3,bcooney,3/20/2024 2:00:00 AM,
2024032003-01,114 LA CB 1m,,,3/20/2024,Part C/N,Part C,,엲/L,,Elementar UNICUBE Organic Elemental Analyzer,ELA-PartCN,,,
2024032003-01,114 LA CB 1m,,,3/20/2024,Part C/N,Part N,,엲/L,10,Elementar UNICUBE Organic Elemental Analyzer,ELA-PartCN,,,
2024032003-01,114 LA CB 1m,,,3/20/2024,Part P,Part P,8,엲/L,1,Shimadzu UV1800 Scanning Spectrophotometer,ELA-PartP,klama,8/1/2024 2:00:00 AM,
2024032003-01,114 LA CB 1m,,,3/20/2024,pH,pH,5.94,SU,,Thermo Scientific Orion Star A211 pH Meter,ELA-pH,pbulloch,3/20/2024 2:00:00 AM,
2024032003-01,114 LA CB 1m,,,3/20/2024,Phytoplankton taxonomy,Total Biomass,,mg/m^3,1,Zeiss invertoscope inverted microscope,ELA-Phytoplankton taxonomy,,,
2024032003-01,114 LA CB 1m,,,3/20/2024,SRSi,SRSi,0.493,mg/L,0.003,Shimadzu UV1800 Scanning Spectrophotometer,ELA-SRSi,klama,7/25/2024 2:00:00 AM,
2024032003-01,114 LA CB 1m,,,3/20/2024,TDN,TDN,422,엲/L,11,AutoAnalyzer 3,ELA-TDN/TDP,bcooney,3/20/2024 2:00:00 AM,
2024032003-01,114 LA CB 1m,,,3/20/2024,TDP,TDP,1.5,엲/L,0.2,AutoAnalyzer 3,ELA-TDN/TDP,bcooney,3/20/2024 2:00:00 AM,
2024032003-03,114 LA CB PE,,,3/20/2024,Zooplankton taxonomy,Total Biomass,,,,Zeiss invertoscope inverted microscope,ELA-Single barrel,,,
2024032003-04,114 LA CB PE,,,3/20/2024,Zooplankton archive,13C,,,,53-엸 Zoonet,ELA-Single barrel,,,
2024050703-01,114 LA CB Epi,0,2.75,5/7/2024,Alk,Alk,73.08,엔q/L,,MANTECH MT-100,ELA-MT100,cleclerc,5/7/2024 2:00:00 AM,
2024050703-01,114 LA CB Epi,0,2.75,5/7/2024,Anions,Cl,0.22,mg/L,0.01,Shimadzu HIC-ESP,ELA-ClSO4,shavens,7/23/2024 2:00:00 AM,
2024050703-01,114 LA CB Epi,0,2.75,5/7/2024,Anions,SO4,1.01,mg/L,0.07,Shimadzu HIC-ESP,ELA-ClSO4,shavens,7/23/2024 2:00:00 AM,
2024050703-01,114 LA CB Epi,0,2.75,5/7/2024,Archive,Archive,,,,,ELA-Archive,,,
2024050703-01,114 LA CB Epi,0,2.75,5/7/2024,Cations,Ca,,mg/L,,4210 Microwave Plasma Atomic Emission Spectrometer,ELA-Cations,,,
2024050703-01,114 LA CB Epi,0,2.75,5/7/2024,Cations,Fe,,mg/L,,4210 Microwave Plasma Atomic Emission Spectrometer,ELA-Cations,,,
2024050703-01,114 LA CB Epi,0,2.75,5/7/2024,Cations,K,,mg/L,,4210 Microwave Plasma Atomic Emission Spectrometer,ELA-Cations,,,
2024050703-01,114 LA CB Epi,0,2.75,5/7/2024,Cations,Mg,,mg/L,,4210 Microwave Plasma Atomic Emission Spectrometer,ELA-Cations,,,
2024050703-01,114 LA CB Epi,0,2.75,5/7/2024,Cations,Mn,,mg/L,,4210 Microwave Plasma Atomic Emission Spectrometer,ELA-Cations,,,
2024050703-01,114 LA CB Epi,0,2.75,5/7/2024,Cations,Mo,,mg/L,,4210 Microwave Plasma Atomic Emission Spectrometer,ELA-Cations,,,
2024050703-01,114 LA CB Epi,0,2.75,5/7/2024,Cations,Na,,mg/L,,4210 Microwave Plasma Atomic Emission Spectrometer,ELA-Cations,,,
2024050703-01,114 LA CB Epi,0,2.75,5/7/2024,Cations,Zn,,mg/L,,4210 Microwave Plasma Atomic Emission Spectrometer,ELA-Cations,,,
2024050703-01,114 LA CB Epi,0,2.75,5/7/2024,Chla,Chla,1.27,엲/L,0.5,Turner Designs Trilogy Fluorometer,ELA-Chla,cleclerc,8/22/2024 2:00:00 AM,
2024050703-01,114 LA CB Epi,0,2.75,5/7/2024,DIC,DIC,72,엸ol/L,,LI-850 LI-COR CO2/H20 Gas Analyzer,ELA-DIC,cleclerc,5/7/2024 2:00:00 AM,
2024050703-01,114 LA CB Epi,0,2.75,5/7/2024,Filtration,Volume filtered,,mL,,,ELA-Filtration,,,
2024050703-01,114 LA CB Epi,0,2.75,5/7/2024,NH3,NH3-N,3,엲/L,6.6,AutoAnalyzer 3,ELA-NOxNH3,qmurdock,5/8/2024 2:00:00 AM,
2024050703-01,114 LA CB Epi,0,2.75,5/7/2024,NO2,NO2-N,0.2,엲/L,0.35,AutoAnalyzer 3,ELA-NOxNH3,qmurdock,5/8/2024 2:00:00 AM,
2024050703-01,114 LA CB Epi,0,2.75,5/7/2024,NO3,NO3-N,1,엲/L,0.2,AutoAnalyzer 3,ELA-NOxNH3,qmurdock,5/8/2024 2:00:00 AM,
2024050703-01,114 LA CB Epi,0,2.75,5/7/2024,Part C/N,Part C,,엲/L,,Elementar UNICUBE Organic Elemental Analyzer,ELA-PartCN,,,
2024050703-01,114 LA CB Epi,0,2.75,5/7/2024,Part C/N,Part N,,엲/L,10,Elementar UNICUBE Organic Elemental Analyzer,ELA-PartCN,,,
2024050703-01,114 LA CB Epi,0,2.75,5/7/2024,Part P,Part P,5,엲/L,1,Shimadzu UV1800 Scanning Spectrophotometer,ELA-PartP,klama,8/1/2024 2:00:00 AM,
2024050703-01,114 LA CB Epi,0,2.75,5/7/2024,pH,pH,6.53,SU,,Thermo Scientific Orion Star A211 pH Meter,ELA-pH,cleclerc,5/7/2024 2:00:00 AM,
2024050703-01,114 LA CB Epi,0,2.75,5/7/2024,Phytoplankton taxonomy,Total Biomass,,mg/m^3,1,Zeiss invertoscope inverted microscope,ELA-Phytoplankton taxonomy,,,
2024050703-01,114 LA CB Epi,0,2.75,5/7/2024,SRSi,SRSi,0.455,mg/L,0.003,Shimadzu UV1800 Scanning Spectrophotometer,ELA-SRSi,cleclerc,8/1/2024 2:00:00 AM,
2024050703-01,114 LA CB Epi,0,2.75,5/7/2024,TDN,TDN,299,엲/L,10.2,AutoAnalyzer 3,ELA-TDN/TDP,qmurdock,5/13/2024 2:00:00 AM,
2024050703-01,114 LA CB Epi,0,2.75,5/7/2024,TDP,TDP,2.8,엲/L,,AutoAnalyzer 3,ELA-TDN/TDP,qmurdock,5/13/2024 2:00:00 AM,
2024050703-02,114 LA CB Meta,3.25,3.75,5/7/2024,Alk,Alk,69.61,엔q/L,,MANTECH MT-100,ELA-MT100,cleclerc,5/7/2024 2:00:00 AM,
2024050703-02,114 LA CB Meta,3.25,3.75,5/7/2024,Archive,Archive,,,,,ELA-Archive,,,
2024050703-02,114 LA CB Meta,3.25,3.75,5/7/2024,Chla,Chla,2.16,엲/L,0.5,Turner Designs Trilogy Fluorometer,ELA-Chla,cleclerc,8/22/2024 2:00:00 AM,
2024050703-02,114 LA CB Meta,3.25,3.75,5/7/2024,DIC,DIC,74,엸ol/L,,LI-850 LI-COR CO2/H20 Gas Analyzer,ELA-DIC,cleclerc,5/7/2024 2:00:00 AM,
2024050703-02,114 LA CB Meta,3.25,3.75,5/7/2024,Filtration,Volume filtered,,mL,,,ELA-Filtration,,,
2024050703-02,114 LA CB Meta,3.25,3.75,5/7/2024,NH3,NH3-N,5,엲/L,6.6,AutoAnalyzer 3,ELA-NOxNH3,qmurdock,5/8/2024 2:00:00 AM,
2024050703-02,114 LA CB Meta,3.25,3.75,5/7/2024,NO2,NO2-N,0.3,엲/L,0.35,AutoAnalyzer 3,ELA-NOxNH3,qmurdock,5/8/2024 2:00:00 AM,
2024050703-02,114 LA CB Meta,3.25,3.75,5/7/2024,NO3,NO3-N,0,엲/L,0.2,AutoAnalyzer 3,ELA-NOxNH3,qmurdock,5/8/2024 2:00:00 AM,
2024050703-02,114 LA CB Meta,3.25,3.75,5/7/2024,Part C/N,Part C,,엲/L,,Elementar UNICUBE Organic Elemental Analyzer,ELA-PartCN,,,
2024050703-02,114 LA CB Meta,3.25,3.75,5/7/2024,Part C/N,Part N,,엲/L,10,Elementar UNICUBE Organic Elemental Analyzer,ELA-PartCN,,,
2024050703-02,114 LA CB Meta,3.25,3.75,5/7/2024,Part P,Part P,3,엲/L,1,Shimadzu UV1800 Scanning Spectrophotometer,ELA-PartP,klama,8/1/2024 2:00:00 AM,
2024050703-02,114 LA CB Meta,3.25,3.75,5/7/2024,pH,pH,6.47,SU,,Thermo Scientific Orion Star A211 pH Meter,ELA-pH,cleclerc,5/7/2024 2:00:00 AM,
2024050703-02,114 LA CB Meta,3.25,3.75,5/7/2024,Phytoplankton taxonomy,Total Biomass,,mg/m^3,1,Zeiss invertoscope inverted microscope,ELA-Phytoplankton taxonomy,,,
2024050703-02,114 LA CB Meta,3.25,3.75,5/7/2024,SRSi,SRSi,0.433,mg/L,0.003,Shimadzu UV1800 Scanning Spectrophotometer,ELA-SRSi,klama,8/8/2024 2:00:00 AM,
2024050703-02,114 LA CB Meta,3.25,3.75,5/7/2024,TDN,TDN,281,엲/L,10.2,AutoAnalyzer 3,ELA-TDN/TDP,qmurdock,5/13/2024 2:00:00 AM,
2024050703-02,114 LA CB Meta,3.25,3.75,5/7/2024,TDP,TDP,1.9,엲/L,,AutoAnalyzer 3,ELA-TDN/TDP,qmurdock,5/13/2024 2:00:00 AM,
2024050703-03,114 LA CMP PE,,,5/7/2024,Zooplankton taxonomy,Total Biomass,,,,Zeiss invertoscope inverted microscope,ELA-Zootube,,,
2024052105-01,114 LA CB Epi,0,3.5,5/21/2024,Alk,Alk,46.54,엔q/L,,MANTECH MT-100,ELA-MT100,cleclerc,5/22/2024 2:00:00 AM,
2024052105-01,114 LA CB Epi,0,3.5,5/21/2024,Anions,Cl,0.21,mg/L,0.01,Shimadzu HIC-ESP,ELA-ClSO4,shavens,7/30/2024 2:00:00 AM,
2024052105-01,114 LA CB Epi,0,3.5,5/21/2024,Anions,SO4,1.01,mg/L,0.06,Shimadzu HIC-ESP,ELA-ClSO4,shavens,7/30/2024 2:00:00 AM,
2024052105-01,114 LA CB Epi,0,3.5,5/21/2024,Archive,Archive,,,,,ELA-Archive,,,
2024052105-01,114 LA CB Epi,0,3.5,5/21/2024,Cations,Ca,,mg/L,,4210 Microwave Plasma Atomic Emission Spectrometer,ELA-Cations,,,
2024052105-01,114 LA CB Epi,0,3.5,5/21/2024,Cations,Fe,,mg/L,,4210 Microwave Plasma Atomic Emission Spectrometer,ELA-Cations,,,
2024052105-01,114 LA CB Epi,0,3.5,5/21/2024,Cations,K,,mg/L,,4210 Microwave Plasma Atomic Emission Spectrometer,ELA-Cations,,,
2024052105-01,114 LA CB Epi,0,3.5,5/21/2024,Cations,Mg,,mg/L,,4210 Microwave Plasma Atomic Emission Spectrometer,ELA-Cations,,,
2024052105-01,114 LA CB Epi,0,3.5,5/21/2024,Cations,Mn,,mg/L,,4210 Microwave Plasma Atomic Emission Spectrometer,ELA-Cations,,,
2024052105-01,114 LA CB Epi,0,3.5,5/21/2024,Cations,Mo,,mg/L,,4210 Microwave Plasma Atomic Emission Spectrometer,ELA-Cations,,,
2024052105-01,114 LA CB Epi,0,3.5,5/21/2024,Cations,Na,,mg/L,,4210 Microwave Plasma Atomic Emission Spectrometer,ELA-Cations,,,
2024052105-01,114 LA CB Epi,0,3.5,5/21/2024,Cations,Zn,,mg/L,,4210 Microwave Plasma Atomic Emission Spectrometer,ELA-Cations,,,
2024052105-01,114 LA CB Epi,0,3.5,5/21/2024,Chla,Chla,1.9,엲/L,0.5,Turner Designs Trilogy Fluorometer,ELA-Chla,gmollot,9/5/2024 2:00:00 AM,
2024052105-01,114 LA CB Epi,0,3.5,5/21/2024,DIC,DIC,65,엸ol/L,,LI-850 LI-COR CO2/H20 Gas Analyzer,ELA-DIC,cleclerc,5/21/2024 2:00:00 AM,
2024052105-01,114 LA CB Epi,0,3.5,5/21/2024,DOC,DOC,,엸ol/L,,Elementar Enviro-TOC,ELA-DOC,,,
2024052105-01,114 LA CB Epi,0,3.5,5/21/2024,Filtration,Volume filtered,,mL,,,ELA-Filtration,,,
2024052105-01,114 LA CB Epi,0,3.5,5/21/2024,NH3,NH3-N,2,엲/L,3.2,AutoAnalyzer 3,ELA-NOxNH3,qmurdock,5/22/2024 2:00:00 AM,
2024052105-01,114 LA CB Epi,0,3.5,5/21/2024,NO2,NO2-N,0,엲/L,0.22,AutoAnalyzer 3,ELA-NOxNH3,qmurdock,5/22/2024 2:00:00 AM,
2024052105-01,114 LA CB Epi,0,3.5,5/21/2024,NO3,NO3-N,0,엲/L,0.5,AutoAnalyzer 3,ELA-NOxNH3,qmurdock,5/22/2024 2:00:00 AM,
2024052105-01,114 LA CB Epi,0,3.5,5/21/2024,Part C/N,Part C,,엲/L,,Elementar UNICUBE Organic Elemental Analyzer,ELA-PartCN,,,
2024052105-01,114 LA CB Epi,0,3.5,5/21/2024,Part C/N,Part N,,엲/L,10,Elementar UNICUBE Organic Elemental Analyzer,ELA-PartCN,,,
2024052105-01,114 LA CB Epi,0,,5/21/2024,Part P,Part P,,엲/L,1,Shimadzu UV1800 Scanning Spectrophotometer,ELA-PartP,,,
2024052105-01,114 LA CB Epi,0,3.5,5/21/2024,pH,pH,6.35,SU,,Thermo Scientific Orion Star A211 pH Meter,ELA-pH,cleclerc,5/21/2024 2:00:00 AM,
2024052105-01,114 LA CB Epi,0,3.5,5/21/2024,Phytoplankton taxonomy,Total Biomass,,mg/m^3,1,Zeiss invertoscope inverted microscope,ELA-Phytoplankton taxonomy,,,
2024052105-01,114 LA CB Epi,0,3.5,5/21/2024,SRSi,SRSi,0.449,mg/L,0.003,Shimadzu UV1800 Scanning Spectrophotometer,ELA-SRSi,gmollot,8/29/2024 2:00:00 AM,
2024052105-01,114 LA CB Epi,0,3.5,5/21/2024,TDN,TDN,318,엲/L,8.1,AutoAnalyzer 3,ELA-TDN/TDP,qmurdock,5/27/2024 2:00:00 AM,
2024052105-01,114 LA CB Epi,0,3.5,5/21/2024,TDP,TDP,1,엲/L,8.1,AutoAnalyzer 3,ELA-TDN/TDP,qmurdock,5/27/2024 2:00:00 AM,
2024052105-03,114 LA CMP PE,,,5/21/2024,Zooplankton taxonomy,Total Biomass,,,,Zeiss invertoscope inverted microscope,ELA-Zootube,,,
2024060505-01,114 LA CB Epi,0,1.5,6/5/2024,Alk,Alk,51.14,엔q/L,,MANTECH MT-100,ELA-MT100,cleclerc,6/5/2024 2:00:00 AM,
2024060505-01,114 LA CB Epi,0,1.5,6/5/2024,Anions,Cl,0.3,mg/L,0.02,Shimadzu HIC-ESP,ELA-ClSO4,shavens,8/20/2024 2:00:00 AM,
2024060505-01,114 LA CB Epi,0,1.5,6/5/2024,Anions,SO4,0.99,mg/L,0.04,Shimadzu HIC-ESP,ELA-ClSO4,shavens,8/20/2024 2:00:00 AM,
2024060505-01,114 LA CB Epi,0,1.5,6/5/2024,Archive,Archive,,,,,ELA-Archive,,,
2024060505-01,114 LA CB Epi,0,1.5,6/5/2024,Cations,Ca,,mg/L,,4210 Microwave Plasma Atomic Emission Spectrometer,ELA-Cations,,,
2024060505-01,114 LA CB Epi,0,1.5,6/5/2024,Cations,Fe,,mg/L,,4210 Microwave Plasma Atomic Emission Spectrometer,ELA-Cations,,,
2024060505-01,114 LA CB Epi,0,1.5,6/5/2024,Cations,K,,mg/L,,4210 Microwave Plasma Atomic Emission Spectrometer,ELA-Cations,,,
2024060505-01,114 LA CB Epi,0,1.5,6/5/2024,Cations,Mg,,mg/L,,4210 Microwave Plasma Atomic Emission Spectrometer,ELA-Cations,,,
2024060505-01,114 LA CB Epi,0,1.5,6/5/2024,Cations,Mn,,mg/L,,4210 Microwave Plasma Atomic Emission Spectrometer,ELA-Cations,,,
2024060505-01,114 LA CB Epi,0,1.5,6/5/2024,Cations,Mo,,mg/L,,4210 Microwave Plasma Atomic Emission Spectrometer,ELA-Cations,,,
2024060505-01,114 LA CB Epi,0,1.5,6/5/2024,Cations,Na,,mg/L,,4210 Microwave Plasma Atomic Emission Spectrometer,ELA-Cations,,,
2024060505-01,114 LA CB Epi,0,1.5,6/5/2024,Cations,Zn,,mg/L,,4210 Microwave Plasma Atomic Emission Spectrometer,ELA-Cations,,,
2024060505-01,114 LA CB Epi,0,1.5,6/5/2024,Chla,Chla,,엲/L,0.5,Turner Designs Trilogy Fluorometer,ELA-Chla,,,
2024060505-01,114 LA CB Epi,0,1.5,6/5/2024,DIC,DIC,57,엸ol/L,,LI-850 LI-COR CO2/H20 Gas Analyzer,ELA-DIC,cleclerc,6/5/2024 2:00:00 AM,
2024060505-01,114 LA CB Epi,0,1.5,6/5/2024,DOC,DOC,,엸ol/L,,Elementar Enviro-TOC,ELA-DOC,,,
2024060505-01,114 LA CB Epi,0,1.5,6/5/2024,Filtration,Volume filtered,,mL,,,ELA-Filtration,,,
2024060505-01,114 LA CB Epi,0,1.5,6/5/2024,NH3,NH3-N,1,엲/L,1.3,AutoAnalyzer 3,ELA-NOxNH3,qmurdock,6/6/2024 2:00:00 AM,
2024060505-01,114 LA CB Epi,0,1.5,6/5/2024,NO2,NO2-N,0.3,엲/L,0.3,AutoAnalyzer 3,ELA-NOxNH3,qmurdock,6/6/2024 2:00:00 AM,
2024060505-01,114 LA CB Epi,0,1.5,6/5/2024,NO3,NO3-N,0,엲/L,1.2,AutoAnalyzer 3,ELA-NOxNH3,qmurdock,6/6/2024 2:00:00 AM,
2024060505-01,114 LA CB Epi,0,1.5,6/5/2024,Part C/N,Part C,,엲/L,,Elementar UNICUBE Organic Elemental Analyzer,ELA-PartCN,,,
2024060505-01,114 LA CB Epi,0,1.5,6/5/2024,Part C/N,Part N,,엲/L,10,Elementar UNICUBE Organic Elemental Analyzer,ELA-PartCN,,,
2024060505-01,114 LA CB Epi,0,1.5,6/5/2024,Part P,Part P,9,엲/L,1,Shimadzu UV1800 Scanning Spectrophotometer,ELA-PartP,klama,8/22/2024 2:00:00 AM,
2024060505-01,114 LA CB Epi,0,1.5,6/5/2024,pH,pH,6.21,SU,,Thermo Scientific Orion Star A211 pH Meter,ELA-pH,cleclerc,6/5/2024 2:00:00 AM,
2024060505-01,114 LA CB Epi,0,1.5,6/5/2024,Phytoplankton taxonomy,Total Biomass,,mg/m^3,1,Zeiss invertoscope inverted microscope,ELA-Phytoplankton taxonomy,,,
2024060505-01,114 LA CB Epi,0,1.5,6/5/2024,SRSi,SRSi,0.652,mg/L,0.003,Shimadzu UV1800 Scanning Spectrophotometer,ELA-SRSi,ctaylor,10/10/2024 12:00:00 AM,
2024060505-01,114 LA CB Epi,0,1.5,6/5/2024,TDN,TDN,282,엲/L,29.6,AutoAnalyzer 3,ELA-TDN/TDP,qmurdock,6/10/2024 2:00:00 AM,
2024060505-01,114 LA CB Epi,0,1.5,6/5/2024,TDP,TDP,3.4,엲/L,0.4,AutoAnalyzer 3,ELA-TDN/TDP,qmurdock,6/10/2024 2:00:00 AM,
2024060505-02,114 LA CB Meta,2,4,6/5/2024,Alk,Alk,32.96,엔q/L,,MANTECH MT-100,ELA-MT100,cleclerc,6/5/2024 2:00:00 AM,
2024060505-02,114 LA CB Meta,2,4,6/5/2024,Archive,Archive,,,,,ELA-Archive,,,
2024060505-02,114 LA CB Meta,2,4,6/5/2024,Chla,Chla,,엲/L,0.5,Turner Designs Trilogy Fluorometer,ELA-Chla,,,
2024060505-02,114 LA CB Meta,2,4,6/5/2024,DIC,DIC,72,엸ol/L,,LI-850 LI-COR CO2/H20 Gas Analyzer,ELA-DIC,cleclerc,6/5/2024 2:00:00 AM,
2024060505-02,114 LA CB Meta,2,4,6/5/2024,DOC,DOC,,엸ol/L,,Elementar Enviro-TOC,ELA-DOC,,,
2024060505-02,114 LA CB Meta,2,4,6/5/2024,Filtration,Volume filtered,,mL,,,ELA-Filtration,,,
2024060505-02,114 LA CB Meta,2,4,6/5/2024,NH3,NH3-N,5,엲/L,1.3,AutoAnalyzer 3,ELA-NOxNH3,qmurdock,6/6/2024 2:00:00 AM,
2024060505-02,114 LA CB Meta,2,4,6/5/2024,NO2,NO2-N,0.4,엲/L,0.3,AutoAnalyzer 3,ELA-NOxNH3,qmurdock,6/6/2024 2:00:00 AM,
2024060505-02,114 LA CB Meta,2,4,6/5/2024,NO3,NO3-N,1,엲/L,1.2,AutoAnalyzer 3,ELA-NOxNH3,qmurdock,6/6/2024 2:00:00 AM,
2024060505-02,114 LA CB Meta,2,4,6/5/2024,Part C/N,Part C,,엲/L,,Elementar UNICUBE Organic Elemental Analyzer,ELA-PartCN,,,
2024060505-02,114 LA CB Meta,2,4,6/5/2024,Part C/N,Part N,,엲/L,10,Elementar UNICUBE Organic Elemental Analyzer,ELA-PartCN,,,
2024060505-02,114 LA CB Meta,2,4,6/5/2024,Part P,Part P,10,엲/L,1,Shimadzu UV1800 Scanning Spectrophotometer,ELA-PartP,klama,8/22/2024 2:00:00 AM,
2024060505-02,114 LA CB Meta,2,4,6/5/2024,pH,pH,5.87,SU,,Thermo Scientific Orion Star A211 pH Meter,ELA-pH,cleclerc,6/5/2024 2:00:00 AM,
2024060505-02,114 LA CB Meta,2,4,6/5/2024,Phytoplankton taxonomy,Total Biomass,,mg/m^3,1,Zeiss invertoscope inverted microscope,ELA-Phytoplankton taxonomy,,,
2024060505-02,114 LA CB Meta,2,4,6/5/2024,SRSi,SRSi,0.814,mg/L,0.003,Shimadzu UV1800 Scanning Spectrophotometer,ELA-SRSi,ctaylor,10/10/2024 12:00:00 AM,
2024060505-02,114 LA CB Meta,2,4,6/5/2024,TDN,TDN,299,엲/L,29.6,AutoAnalyzer 3,ELA-TDN/TDP,qmurdock,6/10/2024 2:00:00 AM,
2024060505-02,114 LA CB Meta,2,4,6/5/2024,TDP,TDP,3,엲/L,0.4,AutoAnalyzer 3,ELA-TDN/TDP,qmurdock,6/10/2024 2:00:00 AM,
2024060505-03,114 LA CMP PE,,,6/5/2024,Zooplankton taxonomy,Total Biomass,,,,Zeiss invertoscope inverted microscope,ELA-Zootube,,,
2024061706-01,114 LA CB Epi,0,4,6/17/2024,Alk,Alk,83.36,엔q/L,,MANTECH MT-100,ELA-MT100,cleclerc,6/17/2024 2:00:00 AM,
2024061706-01,114 LA CB Epi,0,4,6/17/2024,Anions,Cl,0.18,mg/L,0.02,Shimadzu HIC-ESP,ELA-ClSO4,shavens,8/20/2024 2:00:00 AM,
2024061706-01,114 LA CB Epi,0,4,6/17/2024,Anions,SO4,1.01,mg/L,0.04,Shimadzu HIC-ESP,ELA-ClSO4,shavens,8/20/2024 2:00:00 AM,
2024061706-01,114 LA CB Epi,0,4,6/17/2024,Archive,Archive,,,,,ELA-Archive,,,
2024061706-01,114 LA CB Epi,0,4,6/17/2024,Cations,Ca,,mg/L,,4210 Microwave Plasma Atomic Emission Spectrometer,ELA-Cations,,,
2024061706-01,114 LA CB Epi,0,4,6/17/2024,Cations,Fe,,mg/L,,4210 Microwave Plasma Atomic Emission Spectrometer,ELA-Cations,,,
2024061706-01,114 LA CB Epi,0,4,6/17/2024,Cations,K,,mg/L,,4210 Microwave Plasma Atomic Emission Spectrometer,ELA-Cations,,,
2024061706-01,114 LA CB Epi,0,4,6/17/2024,Cations,Mg,,mg/L,,4210 Microwave Plasma Atomic Emission Spectrometer,ELA-Cations,,,
2024061706-01,114 LA CB Epi,0,4,6/17/2024,Cations,Mn,,mg/L,,4210 Microwave Plasma Atomic Emission Spectrometer,ELA-Cations,,,
2024061706-01,114 LA CB Epi,0,4,6/17/2024,Cations,Mo,,mg/L,,4210 Microwave Plasma Atomic Emission Spectrometer,ELA-Cations,,,
2024061706-01,114 LA CB Epi,0,4,6/17/2024,Cations,Na,,mg/L,,4210 Microwave Plasma Atomic Emission Spectrometer,ELA-Cations,,,
2024061706-01,114 LA CB Epi,0,4,6/17/2024,Cations,Zn,,mg/L,,4210 Microwave Plasma Atomic Emission Spectrometer,ELA-Cations,,,
2024061706-01,114 LA CB Epi,0,4,6/17/2024,Chla,Chla,2.33,엲/L,0.5,Turner Designs Trilogy Fluorometer,ELA-Chla,ctaylor,9/12/2024 12:00:00 AM,
2024061706-01,114 LA CB Epi,0,4,6/17/2024,DIC,DIC,45,엸ol/L,,LI-850 LI-COR CO2/H20 Gas Analyzer,ELA-DIC,cleclerc,6/17/2024 2:00:00 AM,
2024061706-01,114 LA CB Epi,0,4,6/17/2024,DOC,DOC,,엸ol/L,,Elementar Enviro-TOC,ELA-DOC,,,
2024061706-01,114 LA CB Epi,0,4,6/17/2024,Filtration,Volume filtered,,mL,,,ELA-Filtration,,,
2024061706-01,114 LA CB Epi,0,4,6/17/2024,NH3,NH3-N,1,엲/L,2.2,AutoAnalyzer 3,ELA-NOxNH3,qmurdock,6/18/2024 2:00:00 AM,
2024061706-01,114 LA CB Epi,0,4,6/17/2024,NO2,NO2-N,0,엲/L,0.6,AutoAnalyzer 3,ELA-NOxNH3,qmurdock,6/18/2024 2:00:00 AM,
2024061706-01,114 LA CB Epi,0,4,6/17/2024,NO3,NO3-N,0,엲/L,1.7,AutoAnalyzer 3,ELA-NOxNH3,qmurdock,6/18/2024 2:00:00 AM,
2024061706-01,114 LA CB Epi,0,4,6/17/2024,Part C/N,Part C,,엲/L,,Elementar UNICUBE Organic Elemental Analyzer,ELA-PartCN,,,
2024061706-01,114 LA CB Epi,0,4,6/17/2024,Part C/N,Part N,,엲/L,10,Elementar UNICUBE Organic Elemental Analyzer,ELA-PartCN,,,
2024061706-01,114 LA CB Epi,0,4,6/17/2024,Part P,Part P,10,엲/L,1,Shimadzu UV1800 Scanning Spectrophotometer,ELA-PartP,klama,8/22/2024 2:00:00 AM,
2024061706-01,114 LA CB Epi,0,4,6/17/2024,pH,pH,6.32,SU,,Thermo Scientific Orion Star A211 pH Meter,ELA-pH,cleclerc,6/17/2024 2:00:00 AM,
2024061706-01,114 LA CB Epi,0,4,6/17/2024,Phytoplankton taxonomy,Total Biomass,,mg/m^3,1,Zeiss invertoscope inverted microscope,ELA-Phytoplankton taxonomy,,,
2024061706-01,114 LA CB Epi,0,4,6/17/2024,SRSi,SRSi,0.861,mg/L,0.003,Shimadzu UV1800 Scanning Spectrophotometer,ELA-SRSi,gmollot,10/16/2024 12:00:00 AM,
2024061706-01,114 LA CB Epi,0,4,6/17/2024,TDN,TDN,274,엲/L,12.3,AutoAnalyzer 3,ELA-TDN/TDP,qmurdock,6/24/2024 2:00:00 AM,
2024061706-01,114 LA CB Epi,0,4,6/17/2024,TDP,TDP,2.5,엲/L,0.7,AutoAnalyzer 3,ELA-TDN/TDP,qmurdock,6/24/2024 2:00:00 AM,
2024061706-03,114 LA CMP PE,,,6/17/2024,Zooplankton taxonomy,Total Biomass,,,,Zeiss invertoscope inverted microscope,ELA-Zootube,,,
2024070205-01,114 LA CB Epi,0,1.5,7/2/2024,Alk,Alk,-475.45,엔q/L,,MANTECH MT-100,ELA-MT100,cleclerc,7/2/2024 2:00:00 AM,
2024070205-01,114 LA CB Epi,0,1.5,7/2/2024,Anions,Cl,0.2,mg/L,0.01,Shimadzu HIC-ESP,ELA-ClSO4,shavens,8/27/2024 2:00:00 AM,
2024070205-01,114 LA CB Epi,0,1.5,7/2/2024,Anions,SO4,1,mg/L,0.03,Shimadzu HIC-ESP,ELA-ClSO4,shavens,8/27/2024 2:00:00 AM,
2024070205-01,114 LA CB Epi,0,1.5,7/2/2024,Archive,Archive,,,,,ELA-Archive,,,
2024070205-01,114 LA CB Epi,0,1.5,7/2/2024,Cations,Ca,,mg/L,,4210 Microwave Plasma Atomic Emission Spectrometer,ELA-Cations,,,
2024070205-01,114 LA CB Epi,0,1.5,7/2/2024,Cations,Fe,,mg/L,,4210 Microwave Plasma Atomic Emission Spectrometer,ELA-Cations,,,
2024070205-01,114 LA CB Epi,0,1.5,7/2/2024,Cations,K,,mg/L,,4210 Microwave Plasma Atomic Emission Spectrometer,ELA-Cations,,,
2024070205-01,114 LA CB Epi,0,1.5,7/2/2024,Cations,Mg,,mg/L,,4210 Microwave Plasma Atomic Emission Spectrometer,ELA-Cations,,,
2024070205-01,114 LA CB Epi,0,1.5,7/2/2024,Cations,Mn,,mg/L,,4210 Microwave Plasma Atomic Emission Spectrometer,ELA-Cations,,,
2024070205-01,114 LA CB Epi,0,1.5,7/2/2024,Cations,Mo,,mg/L,,4210 Microwave Plasma Atomic Emission Spectrometer,ELA-Cations,,,
2024070205-01,114 LA CB Epi,0,1.5,7/2/2024,Cations,Na,,mg/L,,4210 Microwave Plasma Atomic Emission Spectrometer,ELA-Cations,,,
2024070205-01,114 LA CB Epi,0,1.5,7/2/2024,Cations,Zn,,mg/L,,4210 Microwave Plasma Atomic Emission Spectrometer,ELA-Cations,,,
2024070205-01,114 LA CB Epi,0,1.5,7/2/2024,Chla,Chla,2.81,엲/L,0.5,Turner Designs Trilogy Fluorometer,ELA-Chla,gmollot,9/27/2024 12:00:00 AM,
2024070205-01,114 LA CB Epi,0,1.5,7/2/2024,DIC,DIC,43,엸ol/L,,LI-850 LI-COR CO2/H20 Gas Analyzer,ELA-DIC,cleclerc,7/2/2024 2:00:00 AM,
2024070205-01,114 LA CB Epi,0,1.5,7/2/2024,DOC,DOC,,엸ol/L,,Elementar Enviro-TOC,ELA-DOC,,,
2024070205-01,114 LA CB Epi,0,1.5,7/2/2024,Filtration,Volume filtered,,mL,,,ELA-Filtration,,,
2024070205-01,114 LA CB Epi,0,1.5,7/2/2024,NH3,NH3-N,0,엲/L,1.9,AutoAnalyzer 3,ELA-NOxNH3,qmurdock,7/3/2024 2:00:00 AM,
2024070205-01,114 LA CB Epi,0,1.5,7/2/2024,NO2,NO2-N,0,엲/L,0.4,AutoAnalyzer 3,ELA-NOxNH3,qmurdock,7/3/2024 2:00:00 AM,
2024070205-01,114 LA CB Epi,0,1.5,7/2/2024,NO3,NO3-N,0,엲/L,0.9,AutoAnalyzer 3,ELA-NOxNH3,qmurdock,7/3/2024 2:00:00 AM,
2024070205-01,114 LA CB Epi,0,1.5,7/2/2024,Part C/N,Part C,,엲/L,,Elementar UNICUBE Organic Elemental Analyzer,ELA-PartCN,,,
2024070205-01,114 LA CB Epi,0,1.5,7/2/2024,Part C/N,Part N,,엲/L,10,Elementar UNICUBE Organic Elemental Analyzer,ELA-PartCN,,,
2024070205-01,114 LA CB Epi,0,1.5,7/2/2024,Part P,Part P,,엲/L,1,Shimadzu UV1800 Scanning Spectrophotometer,ELA-PartP,,,
2024070205-01,114 LA CB Epi,0,1.5,7/2/2024,pH,pH,5.96,SU,,Thermo Scientific Orion Star A211 pH Meter,ELA-pH,cleclerc,7/2/2024 2:00:00 AM,
2024070205-01,114 LA CB Epi,0,1.5,7/2/2024,Phytoplankton taxonomy,Total Biomass,,mg/m^3,1,Zeiss invertoscope inverted microscope,ELA-Phytoplankton taxonomy,,,
2024070205-01,114 LA CB Epi,0,1.5,7/2/2024,SRSi,SRSi,0.687,mg/L,0.003,Shimadzu UV1800 Scanning Spectrophotometer,ELA-SRSi,ctaylor,10/21/2024 12:00:00 AM,
2024070205-01,114 LA CB Epi,0,1.5,7/2/2024,TDN,TDN,275,엲/L,8.3,AutoAnalyzer 3,ELA-TDN/TDP,qmurdock,7/8/2024 2:00:00 AM,
2024070205-01,114 LA CB Epi,0,1.5,7/2/2024,TDP,TDP,3.6,엲/L,0.3,AutoAnalyzer 3,ELA-TDN/TDP,qmurdock,7/8/2024 2:00:00 AM,
2024070205-03,114 LA CMP PE,,,7/2/2024,Zooplankton taxonomy,Total Biomass,,,,Zeiss invertoscope inverted microscope,ELA-Zootube,,,
2024071604-01,114 LA CB Epi,0,2.5,7/16/2024,Alk,Alk,29.205,엔q/L,,MANTECH MT-100,ELA-MT100,cleclerc,7/16/2024 2:00:00 AM,
2024071604-01,114 LA CB Epi,0,2.5,7/16/2024,Anions,Cl,0.18,mg/L,0.01,Shimadzu HIC-ESP,ELA-ClSO4,shavens,8/27/2024 2:00:00 AM,
2024071604-01,114 LA CB Epi,0,2.5,7/16/2024,Anions,SO4,1,mg/L,0.03,Shimadzu HIC-ESP,ELA-ClSO4,shavens,8/27/2024 2:00:00 AM,
2024071604-01,114 LA CB Epi,0,2.5,7/16/2024,Archive,Archive,,,,,ELA-Archive,,,
2024071604-01,114 LA CB Epi,0,2.5,7/16/2024,Cations,Ca,,mg/L,,4210 Microwave Plasma Atomic Emission Spectrometer,ELA-Cations,,,
2024071604-01,114 LA CB Epi,0,2.5,7/16/2024,Cations,Fe,,mg/L,,4210 Microwave Plasma Atomic Emission Spectrometer,ELA-Cations,,,
2024071604-01,114 LA CB Epi,0,2.5,7/16/2024,Cations,K,,mg/L,,4210 Microwave Plasma Atomic Emission Spectrometer,ELA-Cations,,,
2024071604-01,114 LA CB Epi,0,2.5,7/16/2024,Cations,Mg,,mg/L,,4210 Microwave Plasma Atomic Emission Spectrometer,ELA-Cations,,,
2024071604-01,114 LA CB Epi,0,2.5,7/16/2024,Cations,Mn,,mg/L,,4210 Microwave Plasma Atomic Emission Spectrometer,ELA-Cations,,,
2024071604-01,114 LA CB Epi,0,2.5,7/16/2024,Cations,Mo,,mg/L,,4210 Microwave Plasma Atomic Emission Spectrometer,ELA-Cations,,,
2024071604-01,114 LA CB Epi,0,2.5,7/16/2024,Cations,Na,,mg/L,,4210 Microwave Plasma Atomic Emission Spectrometer,ELA-Cations,,,
2024071604-01,114 LA CB Epi,0,2.5,7/16/2024,Cations,Zn,,mg/L,,4210 Microwave Plasma Atomic Emission Spectrometer,ELA-Cations,,,
2024071604-01,114 LA CB Epi,0,2.5,7/16/2024,Chla,Chla,3.23,엲/L,0.5,Turner Designs Trilogy Fluorometer,ELA-Chla,gmollot,9/27/2024 12:00:00 AM,
2024071604-01,114 LA CB Epi,0,2.5,7/16/2024,DIC,DIC,47,엸ol/L,,LI-850 LI-COR CO2/H20 Gas Analyzer,ELA-DIC,cleclerc,7/16/2024 2:00:00 AM,
2024071604-01,114 LA CB Epi,0,2.5,7/16/2024,DOC,DOC,,엸ol/L,,Elementar Enviro-TOC,ELA-DOC,,,
2024071604-01,114 LA CB Epi,0,2.5,7/16/2024,Filtration,Volume filtered,,mL,,,ELA-Filtration,,,
2024071604-01,114 LA CB Epi,0,2.5,7/16/2024,NH3,NH3-N,0,엲/L,5.6,AutoAnalyzer 3,ELA-NOxNH3,qmurdock,7/16/2024 2:00:00 AM,
2024071604-01,114 LA CB Epi,0,2.5,7/16/2024,NO2,NO2-N,0,엲/L,0.4,AutoAnalyzer 3,ELA-NOxNH3,qmurdock,7/16/2024 2:00:00 AM,
2024071604-01,114 LA CB Epi,0,2.5,7/16/2024,NO3,NO3-N,0,엲/L,1,AutoAnalyzer 3,ELA-NOxNH3,qmurdock,7/16/2024 2:00:00 AM,
2024071604-01,114 LA CB Epi,0,2.5,7/16/2024,Part C/N,Part C,,엲/L,,Elementar UNICUBE Organic Elemental Analyzer,ELA-PartCN,,,
2024071604-01,114 LA CB Epi,0,2.5,7/16/2024,Part C/N,Part N,,엲/L,10,Elementar UNICUBE Organic Elemental Analyzer,ELA-PartCN,,,
2024071604-01,114 LA CB Epi,0,2.5,7/16/2024,Part P,Part P,,엲/L,1,Shimadzu UV1800 Scanning Spectrophotometer,ELA-PartP,,,
2024071604-01,114 LA CB Epi,0,2.5,7/16/2024,pH,pH,6.06,SU,,Thermo Scientific Orion Star A211 pH Meter,ELA-pH,cleclerc,7/16/2024 2:00:00 AM,
2024071604-01,114 LA CB Epi,0,2.5,7/16/2024,Phytoplankton taxonomy,Total Biomass,,mg/m^3,1,Zeiss invertoscope inverted microscope,ELA-Phytoplankton taxonomy,,,
2024071604-01,114 LA CB Epi,0,2.5,7/16/2024,SRSi,SRSi,0.706,mg/L,0.003,Shimadzu UV1800 Scanning Spectrophotometer,ELA-SRSi,ctaylor,10/25/2024 12:00:00 AM,
2024071604-01,114 LA CB Epi,0,2.5,7/16/2024,TDN,TDN,282,엲/L,12.5,AutoAnalyzer 3,ELA-TDN/TDP,qmurdock,7/18/2024 2:00:00 AM,
2024071604-01,114 LA CB Epi,0,2.5,7/16/2024,TDP,TDP,0.9,엲/L,0.6,AutoAnalyzer 3,ELA-TDN/TDP,qmurdock,7/18/2024 2:00:00 AM,
2024071604-02,114 LA CB Meta,3,3.75,7/16/2024,Alk,Alk,46.96,엔q/L,,MANTECH MT-100,ELA-MT100,cleclerc,7/16/2024 2:00:00 AM,
2024071604-02,114 LA CB Meta,3,3.75,7/16/2024,Archive,Archive,,,,,ELA-Archive,,,
2024071604-02,114 LA CB Meta,3,3.75,7/16/2024,Chla,Chla,9.45,엲/L,0.5,Turner Designs Trilogy Fluorometer,ELA-Chla,gmollot,9/27/2024 12:00:00 AM,
2024071604-02,114 LA CB Meta,3,3.75,7/16/2024,DIC,DIC,146,엸ol/L,,LI-850 LI-COR CO2/H20 Gas Analyzer,ELA-DIC,cleclerc,7/16/2024 2:00:00 AM,
2024071604-02,114 LA CB Meta,3,3.75,7/16/2024,DOC,DOC,,엸ol/L,,Elementar Enviro-TOC,ELA-DOC,,,
2024071604-02,114 LA CB Meta,3,3.75,7/16/2024,Filtration,Volume filtered,,mL,,,ELA-Filtration,,,
2024071604-02,114 LA CB Meta,3,3.75,7/16/2024,NH3,NH3-N,1,엲/L,5.6,AutoAnalyzer 3,ELA-NOxNH3,qmurdock,7/16/2024 2:00:00 AM,
2024071604-02,114 LA CB Meta,3,3.75,7/16/2024,NO2,NO2-N,0,엲/L,0.4,AutoAnalyzer 3,ELA-NOxNH3,qmurdock,7/16/2024 2:00:00 AM,
2024071604-02,114 LA CB Meta,3,3.75,7/16/2024,NO3,NO3-N,0,엲/L,1,AutoAnalyzer 3,ELA-NOxNH3,qmurdock,7/16/2024 2:00:00 AM,
2024071604-02,114 LA CB Meta,3,3.75,7/16/2024,Part C/N,Part C,,엲/L,,Elementar UNICUBE Organic Elemental Analyzer,ELA-PartCN,,,
2024071604-02,114 LA CB Meta,3,3.75,7/16/2024,Part C/N,Part N,,엲/L,10,Elementar UNICUBE Organic Elemental Analyzer,ELA-PartCN,,,
2024071604-02,114 LA CB Meta,3,3.75,7/16/2024,Part P,Part P,,엲/L,1,Shimadzu UV1800 Scanning Spectrophotometer,ELA-PartP,,,
2024071604-02,114 LA CB Meta,3,3.75,7/16/2024,pH,pH,5.71,SU,,Thermo Scientific Orion Star A211 pH Meter,ELA-pH,cleclerc,7/16/2024 2:00:00 AM,
2024071604-02,114 LA CB Meta,3,3.75,7/16/2024,Phytoplankton taxonomy,Total Biomass,,mg/m^3,1,Zeiss invertoscope inverted microscope,ELA-Phytoplankton taxonomy,,,
2024071604-02,114 LA CB Meta,3,3.75,7/16/2024,SRSi,SRSi,0.74,mg/L,0.003,Shimadzu UV1800 Scanning Spectrophotometer,ELA-SRSi,ctaylor,10/25/2024 12:00:00 AM,
2024071604-02,114 LA CB Meta,3,3.75,7/16/2024,TDN,TDN,261,엲/L,12.5,AutoAnalyzer 3,ELA-TDN/TDP,qmurdock,7/18/2024 2:00:00 AM,
2024071604-02,114 LA CB Meta,3,3.75,7/16/2024,TDP,TDP,0.9,엲/L,0.6,AutoAnalyzer 3,ELA-TDN/TDP,qmurdock,7/18/2024 2:00:00 AM,
2024071604-03,114 LA CMP PE,,,7/16/2024,Zooplankton taxonomy,Total Biomass,,,,Zeiss invertoscope inverted microscope,ELA-Zootube,,,
2024073004-01,114 LA CB Epi,0,2.75,7/30/2024,Alk,Alk,34.142,엔q/L,,MANTECH MT-100,ELA-MT100,cleclerc,7/30/2024 2:00:00 AM,
2024073004-01,114 LA CB Epi,0,2.75,7/30/2024,Anions,Cl,,mg/L,,Shimadzu HIC-ESP,ELA-ClSO4,,,
2024073004-01,114 LA CB Epi,0,2.75,7/30/2024,Anions,SO4,,mg/L,,Shimadzu HIC-ESP,ELA-ClSO4,,,
2024073004-01,114 LA CB Epi,0,2.75,7/30/2024,Archive,Archive,,,,,ELA-Archive,,,
2024073004-01,114 LA CB Epi,0,2.75,7/30/2024,Cations,Ca,,mg/L,,4210 Microwave Plasma Atomic Emission Spectrometer,ELA-Cations,,,
2024073004-01,114 LA CB Epi,0,2.75,7/30/2024,Cations,Fe,,mg/L,,4210 Microwave Plasma Atomic Emission Spectrometer,ELA-Cations,,,
2024073004-01,114 LA CB Epi,0,2.75,7/30/2024,Cations,K,,mg/L,,4210 Microwave Plasma Atomic Emission Spectrometer,ELA-Cations,,,
2024073004-01,114 LA CB Epi,0,2.75,7/30/2024,Cations,Mg,,mg/L,,4210 Microwave Plasma Atomic Emission Spectrometer,ELA-Cations,,,
2024073004-01,114 LA CB Epi,0,2.75,7/30/2024,Cations,Mn,,mg/L,,4210 Microwave Plasma Atomic Emission Spectrometer,ELA-Cations,,,
2024073004-01,114 LA CB Epi,0,2.75,7/30/2024,Cations,Mo,,mg/L,,4210 Microwave Plasma Atomic Emission Spectrometer,ELA-Cations,,,
2024073004-01,114 LA CB Epi,0,2.75,7/30/2024,Cations,Na,,mg/L,,4210 Microwave Plasma Atomic Emission Spectrometer,ELA-Cations,,,
2024073004-01,114 LA CB Epi,0,2.75,7/30/2024,Cations,Zn,,mg/L,,4210 Microwave Plasma Atomic Emission Spectrometer,ELA-Cations,,,
2024073004-01,114 LA CB Epi,0,2.75,7/30/2024,Chla,Chla,3.57,엲/L,0.5,Turner Designs Trilogy Fluorometer,ELA-Chla,gmollot,10/1/2024 12:00:00 AM,
2024073004-01,114 LA CB Epi,0,2.75,7/30/2024,DIC,DIC,48,엸ol/L,,LI-850 LI-COR CO2/H20 Gas Analyzer,ELA-DIC,cleclerc,7/30/2024 2:00:00 AM,
2024073004-01,114 LA CB Epi,0,2.75,7/30/2024,DOC,DOC,,엸ol/L,,Elementar Enviro-TOC,ELA-DOC,,,
2024073004-01,114 LA CB Epi,0,2.75,7/30/2024,Filtration,Volume filtered,,mL,,,ELA-Filtration,,,
2024073004-01,114 LA CB Epi,0,2.75,7/30/2024,NH3,NH3-N,4,엲/L,3.6,AutoAnalyzer 3,ELA-NOxNH3,qmurdock,7/30/2024 2:00:00 AM,
2024073004-01,114 LA CB Epi,0,2.75,7/30/2024,NO2,NO2-N,0,엲/L,0.5,AutoAnalyzer 3,ELA-NOxNH3,qmurdock,7/30/2024 2:00:00 AM,
2024073004-01,114 LA CB Epi,0,2.75,7/30/2024,NO3,NO3-N,2,엲/L,0.7,AutoAnalyzer 3,ELA-NOxNH3,qmurdock,7/30/2024 2:00:00 AM,
2024073004-01,114 LA CB Epi,0,2.75,7/30/2024,Part C/N,Part C,,엲/L,,Elementar UNICUBE Organic Elemental Analyzer,ELA-PartCN,,,
2024073004-01,114 LA CB Epi,0,2.75,7/30/2024,Part C/N,Part N,,엲/L,10,Elementar UNICUBE Organic Elemental Analyzer,ELA-PartCN,,,
2024073004-01,114 LA CB Epi,0,2.75,7/30/2024,Part P,Part P,,엲/L,1,Shimadzu UV1800 Scanning Spectrophotometer,ELA-PartP,,,
2024073004-01,114 LA CB Epi,0,2.75,7/30/2024,pH,pH,6.03,SU,,Thermo Scientific Orion Star A211 pH Meter,ELA-pH,cleclerc,7/30/2024 2:00:00 AM,
2024073004-01,114 LA CB Epi,0,2.75,7/30/2024,Phytoplankton taxonomy,Total Biomass,,mg/m^3,1,Zeiss invertoscope inverted microscope,ELA-Phytoplankton taxonomy,,,
2024073004-01,114 LA CB Epi,0,2.75,7/30/2024,SRSi,SRSi,0.588,mg/L,0.003,Shimadzu UV1800 Scanning Spectrophotometer,ELA-SRSi,ctaylor,10/29/2024 12:00:00 AM,
2024073004-01,114 LA CB Epi,0,2.75,7/30/2024,TDN,TDN,374,엲/L,11.7,AutoAnalyzer 3,ELA-TDN/TDP,qmurdock,8/1/2024 2:00:00 AM,
2024073004-01,114 LA CB Epi,0,2.75,7/30/2024,TDP,TDP,2.8,엲/L,0.4,AutoAnalyzer 3,ELA-TDN/TDP,qmurdock,8/1/2024 2:00:00 AM,
2024073004-02,114 LA CB Meta,3.25,4,7/30/2024,Alk,Alk,48.9,엔q/L,,MANTECH MT-100,ELA-MT100,cleclerc,7/30/2024 2:00:00 AM,
2024073004-02,114 LA CB Meta,3.25,4,7/30/2024,Archive,Archive,,,,,ELA-Archive,,,
2024073004-02,114 LA CB Meta,3.25,4,7/30/2024,Chla,Chla,11.57,엲/L,0.5,Turner Designs Trilogy Fluorometer,ELA-Chla,gmollot,10/1/2024 12:00:00 AM,
2024073004-02,114 LA CB Meta,3.25,4,7/30/2024,DIC,DIC,134,엸ol/L,,LI-850 LI-COR CO2/H20 Gas Analyzer,ELA-DIC,cleclerc,7/30/2024 2:00:00 AM,
2024073004-02,114 LA CB Meta,3.25,4,7/30/2024,DOC,DOC,,엸ol/L,,Elementar Enviro-TOC,ELA-DOC,,,
2024073004-02,114 LA CB Meta,3.25,4,7/30/2024,Filtration,Volume filtered,,mL,,,ELA-Filtration,,,
2024073004-02,114 LA CB Meta,3.25,4,7/30/2024,NH3,NH3-N,12,엲/L,3.6,AutoAnalyzer 3,ELA-NOxNH3,qmurdock,7/30/2024 2:00:00 AM,
2024073004-02,114 LA CB Meta,3.25,4,7/30/2024,NO2,NO2-N,0.1,엲/L,0.5,AutoAnalyzer 3,ELA-NOxNH3,qmurdock,7/30/2024 2:00:00 AM,
2024073004-02,114 LA CB Meta,3.25,4,7/30/2024,NO3,NO3-N,2,엲/L,0.7,AutoAnalyzer 3,ELA-NOxNH3,qmurdock,7/30/2024 2:00:00 AM,
2024073004-02,114 LA CB Meta,3.25,4,7/30/2024,Part C/N,Part C,,엲/L,,Elementar UNICUBE Organic Elemental Analyzer,ELA-PartCN,,,
2024073004-02,114 LA CB Meta,3.25,4,7/30/2024,Part C/N,Part N,,엲/L,10,Elementar UNICUBE Organic Elemental Analyzer,ELA-PartCN,,,
2024073004-02,114 LA CB Meta,3.25,4,7/30/2024,Part P,Part P,,엲/L,1,Shimadzu UV1800 Scanning Spectrophotometer,ELA-PartP,,,
2024073004-02,114 LA CB Meta,3.25,4,7/30/2024,pH,pH,5.75,SU,,Thermo Scientific Orion Star A211 pH Meter,ELA-pH,cleclerc,7/30/2024 2:00:00 AM,
2024073004-02,114 LA CB Meta,3.25,4,7/30/2024,Phytoplankton taxonomy,Total Biomass,,mg/m^3,1,Zeiss invertoscope inverted microscope,ELA-Phytoplankton taxonomy,,,
2024073004-02,114 LA CB Meta,3.25,4,7/30/2024,SRSi,SRSi,0.605,mg/L,0.003,Shimadzu UV1800 Scanning Spectrophotometer,ELA-SRSi,ctaylor,10/29/2024 12:00:00 AM,
2024073004-02,114 LA CB Meta,3.25,4,7/30/2024,TDN,TDN,358,엲/L,11.7,AutoAnalyzer 3,ELA-TDN/TDP,qmurdock,8/1/2024 2:00:00 AM,
2024073004-02,114 LA CB Meta,3.25,4,7/30/2024,TDP,TDP,3.5,엲/L,0.4,AutoAnalyzer 3,ELA-TDN/TDP,qmurdock,8/1/2024 2:00:00 AM,
2024073004-03,114 LA CMP PE,,,7/30/2024,Zooplankton taxonomy,Total Biomass,,,,Zeiss invertoscope inverted microscope,ELA-Zootube,,,
2024081304-01,114 LA CB Epi,0,1.5,8/13/2024,Alk,Alk,36.05,엔q/L,,MANTECH MT-100,ELA-MT100,cleclerc,8/13/2024 2:00:00 AM,
2024081304-01,114 LA CB Epi,0,1.5,8/13/2024,Anions,Cl,,mg/L,,Shimadzu HIC-ESP,ELA-ClSO4,,,
2024081304-01,114 LA CB Epi,0,1.5,8/13/2024,Anions,SO4,,mg/L,,Shimadzu HIC-ESP,ELA-ClSO4,,,
2024081304-01,114 LA CB Epi,0,1.5,8/13/2024,Archive,Archive,,,,,ELA-Archive,,,
2024081304-01,114 LA CB Epi,0,1.5,8/13/2024,Cations,Ca,,mg/L,,4210 Microwave Plasma Atomic Emission Spectrometer,ELA-Cations,,,
2024081304-01,114 LA CB Epi,0,1.5,8/13/2024,Cations,Fe,,mg/L,,4210 Microwave Plasma Atomic Emission Spectrometer,ELA-Cations,,,
2024081304-01,114 LA CB Epi,0,1.5,8/13/2024,Cations,K,,mg/L,,4210 Microwave Plasma Atomic Emission Spectrometer,ELA-Cations,,,
2024081304-01,114 LA CB Epi,0,1.5,8/13/2024,Cations,Mg,,mg/L,,4210 Microwave Plasma Atomic Emission Spectrometer,ELA-Cations,,,
2024081304-01,114 LA CB Epi,0,1.5,8/13/2024,Cations,Mn,,mg/L,,4210 Microwave Plasma Atomic Emission Spectrometer,ELA-Cations,,,
2024081304-01,114 LA CB Epi,0,1.5,8/13/2024,Cations,Mo,,mg/L,,4210 Microwave Plasma Atomic Emission Spectrometer,ELA-Cations,,,
2024081304-01,114 LA CB Epi,0,1.5,8/13/2024,Cations,Na,,mg/L,,4210 Microwave Plasma Atomic Emission Spectrometer,ELA-Cations,,,
2024081304-01,114 LA CB Epi,0,1.5,8/13/2024,Cations,Zn,,mg/L,,4210 Microwave Plasma Atomic Emission Spectrometer,ELA-Cations,,,
2024081304-01,114 LA CB Epi,0,1.5,8/13/2024,Chla,Chla,2.05,엲/L,0.5,Turner Designs Trilogy Fluorometer,ELA-Chla,gmollot,10/7/2024 12:00:00 AM,
2024081304-01,114 LA CB Epi,0,1.5,8/13/2024,DIC,DIC,37,엸ol/L,,LI-850 LI-COR CO2/H20 Gas Analyzer,ELA-DIC,cleclerc,8/13/2024 2:00:00 AM,
2024081304-01,114 LA CB Epi,0,1.5,8/13/2024,DOC,DOC,,엸ol/L,,Elementar Enviro-TOC,ELA-DOC,,,
2024081304-01,114 LA CB Epi,0,1.5,8/13/2024,Filtration,Volume filtered,,mL,,,ELA-Filtration,,,
2024081304-01,114 LA CB Epi,0,1.5,8/13/2024,NH3,NH3-N,0,엲/L,2.2,AutoAnalyzer 3,ELA-NOxNH3,qmurdock,8/13/2024 2:00:00 AM,
2024081304-01,114 LA CB Epi,0,1.5,8/13/2024,NO2,NO2-N,0,엲/L,0.3,AutoAnalyzer 3,ELA-NOxNH3,qmurdock,8/13/2024 2:00:00 AM,
2024081304-01,114 LA CB Epi,0,1.5,8/13/2024,NO3,NO3-N,0,엲/L,1,AutoAnalyzer 3,ELA-NOxNH3,qmurdock,8/13/2024 2:00:00 AM,
2024081304-01,114 LA CB Epi,0,1.5,8/13/2024,Part C/N,Part C,,엲/L,,Elementar UNICUBE Organic Elemental Analyzer,ELA-PartCN,,,
2024081304-01,114 LA CB Epi,0,1.5,8/13/2024,Part C/N,Part N,,엲/L,10,Elementar UNICUBE Organic Elemental Analyzer,ELA-PartCN,,,
2024081304-01,114 LA CB Epi,0,1.5,8/13/2024,Part P,Part P,,엲/L,1,Shimadzu UV1800 Scanning Spectrophotometer,ELA-PartP,,,
2024081304-01,114 LA CB Epi,0,1.5,8/13/2024,pH,pH,6.37,SU,,Thermo Scientific Orion Star A211 pH Meter,ELA-pH,cleclerc,8/13/2024 2:00:00 AM,
2024081304-01,114 LA CB Epi,0,1.5,8/13/2024,Phytoplankton taxonomy,Total Biomass,,mg/m^3,1,Zeiss invertoscope inverted microscope,ELA-Phytoplankton taxonomy,,,
2024081304-01,114 LA CB Epi,0,1.5,8/13/2024,SRSi,SRSi,0.496,mg/L,0.003,Shimadzu UV1800 Scanning Spectrophotometer,ELA-SRSi,ctaylor,11/11/2024 12:00:00 AM,
2024081304-01,114 LA CB Epi,0,1.5,8/13/2024,TDN,TDN,343,엲/L,8.5,AutoAnalyzer 3,ELA-TDN/TDP,qmurdock,8/15/2024 2:00:00 AM,
2024081304-01,114 LA CB Epi,0,1.5,8/13/2024,TDP,TDP,3.5,엲/L,0.8,AutoAnalyzer 3,ELA-TDN/TDP,qmurdock,8/15/2024 2:00:00 AM,
2024081304-02,114 LA CB Meta,2,3.5,8/13/2024,Alk,Alk,35.17,엔q/L,,MANTECH MT-100,ELA-MT100,cleclerc,8/13/2024 2:00:00 AM,
2024081304-02,114 LA CB Meta,2,3.5,8/13/2024,Archive,Archive,,,,,ELA-Archive,,,
2024081304-02,114 LA CB Meta,2,3.5,8/13/2024,Chla,Chla,2.83,엲/L,0.5,Turner Designs Trilogy Fluorometer,ELA-Chla,gmollot,10/7/2024 12:00:00 AM,
2024081304-02,114 LA CB Meta,2,3.5,8/13/2024,DIC,DIC,47,엸ol/L,,LI-850 LI-COR CO2/H20 Gas Analyzer,ELA-DIC,cleclerc,8/13/2024 2:00:00 AM,
2024081304-02,114 LA CB Meta,2,3.5,8/13/2024,DOC,DOC,,엸ol/L,,Elementar Enviro-TOC,ELA-DOC,,,
2024081304-02,114 LA CB Meta,2,3.5,8/13/2024,Filtration,Volume filtered,,mL,,,ELA-Filtration,,,
2024081304-02,114 LA CB Meta,2,3.5,8/13/2024,NH3,NH3-N,0,엲/L,2.2,AutoAnalyzer 3,ELA-NOxNH3,qmurdock,8/13/2024 2:00:00 AM,
2024081304-02,114 LA CB Meta,2,3.5,8/13/2024,NO2,NO2-N,0,엲/L,0.3,AutoAnalyzer 3,ELA-NOxNH3,qmurdock,8/13/2024 2:00:00 AM,
2024081304-02,114 LA CB Meta,2,3.5,8/13/2024,NO3,NO3-N,0,엲/L,1,AutoAnalyzer 3,ELA-NOxNH3,qmurdock,8/13/2024 2:00:00 AM,
2024081304-02,114 LA CB Meta,2,3.5,8/13/2024,Part C/N,Part C,,엲/L,,Elementar UNICUBE Organic Elemental Analyzer,ELA-PartCN,,,
2024081304-02,114 LA CB Meta,2,3.5,8/13/2024,Part C/N,Part N,,엲/L,10,Elementar UNICUBE Organic Elemental Analyzer,ELA-PartCN,,,
2024081304-02,114 LA CB Meta,2,3.5,8/13/2024,Part P,Part P,,엲/L,1,Shimadzu UV1800 Scanning Spectrophotometer,ELA-PartP,,,
2024081304-02,114 LA CB Meta,2,3.5,8/13/2024,pH,pH,6.11,SU,,Thermo Scientific Orion Star A211 pH Meter,ELA-pH,cleclerc,8/13/2024 2:00:00 AM,
2024081304-02,114 LA CB Meta,2,3.5,8/13/2024,Phytoplankton taxonomy,Total Biomass,,mg/m^3,1,Zeiss invertoscope inverted microscope,ELA-Phytoplankton taxonomy,,,
2024081304-02,114 LA CB Meta,2,3.5,8/13/2024,SRSi,SRSi,0.507,mg/L,0.003,Shimadzu UV1800 Scanning Spectrophotometer,ELA-SRSi,ctaylor,11/11/2024 12:00:00 AM,
2024081304-02,114 LA CB Meta,2,3.5,8/13/2024,TDN,TDN,316,엲/L,8.5,AutoAnalyzer 3,ELA-TDN/TDP,qmurdock,8/15/2024 2:00:00 AM,
2024081304-02,114 LA CB Meta,2,3.5,8/13/2024,TDP,TDP,3.2,엲/L,0.8,AutoAnalyzer 3,ELA-TDN/TDP,qmurdock,8/15/2024 2:00:00 AM,
2024081304-03,114 LA CMP PE,,,8/13/2024,Zooplankton taxonomy,Total Biomass,,,,Zeiss invertoscope inverted microscope,ELA-Zootube,,,
2024082704-01,114 LA CB Epi,0,3.25,8/27/2024,Alk,Alk,50.87,엔q/L,,MANTECH MT-100,ELA-MT100,cleclerc,8/27/2024 2:00:00 AM,
2024082704-01,114 LA CB Epi,0,3.25,8/27/2024,Anions,Cl,,mg/L,,Shimadzu HIC-ESP,ELA-ClSO4,,,
2024082704-01,114 LA CB Epi,0,3.25,8/27/2024,Anions,SO4,,mg/L,,Shimadzu HIC-ESP,ELA-ClSO4,,,
2024082704-01,114 LA CB Epi,0,3.25,8/27/2024,Archive,Archive,,,,,ELA-Archive,,,
2024082704-01,114 LA CB Epi,0,3.25,8/27/2024,Cations,Ca,,mg/L,,4210 Microwave Plasma Atomic Emission Spectrometer,ELA-Cations,,,
2024082704-01,114 LA CB Epi,0,3.25,8/27/2024,Cations,Fe,,mg/L,,4210 Microwave Plasma Atomic Emission Spectrometer,ELA-Cations,,,
2024082704-01,114 LA CB Epi,0,3.25,8/27/2024,Cations,K,,mg/L,,4210 Microwave Plasma Atomic Emission Spectrometer,ELA-Cations,,,
2024082704-01,114 LA CB Epi,0,3.25,8/27/2024,Cations,Mg,,mg/L,,4210 Microwave Plasma Atomic Emission Spectrometer,ELA-Cations,,,
2024082704-01,114 LA CB Epi,0,3.25,8/27/2024,Cations,Mn,,mg/L,,4210 Microwave Plasma Atomic Emission Spectrometer,ELA-Cations,,,
2024082704-01,114 LA CB Epi,0,3.25,8/27/2024,Cations,Mo,,mg/L,,4210 Microwave Plasma Atomic Emission Spectrometer,ELA-Cations,,,
2024082704-01,114 LA CB Epi,0,3.25,8/27/2024,Cations,Na,,mg/L,,4210 Microwave Plasma Atomic Emission Spectrometer,ELA-Cations,,,
2024082704-01,114 LA CB Epi,0,3.25,8/27/2024,Cations,Zn,,mg/L,,4210 Microwave Plasma Atomic Emission Spectrometer,ELA-Cations,,,
2024082704-01,114 LA CB Epi,0,3.25,8/27/2024,Chla,Chla,2.35,엲/L,0.5,Turner Designs Trilogy Fluorometer,ELA-Chla,gmollot,10/10/2024 12:00:00 AM,
2024082704-01,114 LA CB Epi,0,3.25,8/27/2024,DIC,DIC,42,엸ol/L,,LI-850 LI-COR CO2/H20 Gas Analyzer,ELA-DIC,cleclerc,8/27/2024 2:00:00 AM,
2024082704-01,114 LA CB Epi,0,3.25,8/27/2024,DOC,DOC,,엸ol/L,,Elementar Enviro-TOC,ELA-DOC,,,
2024082704-01,114 LA CB Epi,0,3.25,8/27/2024,Filtration,Volume filtered,,mL,,,ELA-Filtration,,,
2024082704-01,114 LA CB Epi,0,3.25,8/27/2024,NH3,NH3-N,5,엲/L,3.4,AutoAnalyzer 3,ELA-NOxNH3,qmurdock,8/28/2024 2:00:00 AM,
2024082704-01,114 LA CB Epi,0,3.25,8/27/2024,NO2,NO2-N,0,엲/L,0.6,AutoAnalyzer 3,ELA-NOxNH3,qmurdock,8/28/2024 2:00:00 AM,
2024082704-01,114 LA CB Epi,0,3.25,8/27/2024,NO3,NO3-N,0,엲/L,1.6,AutoAnalyzer 3,ELA-NOxNH3,qmurdock,8/28/2024 2:00:00 AM,
2024082704-01,114 LA CB Epi,0,3.25,8/27/2024,Part C/N,Part C,,엲/L,,Elementar UNICUBE Organic Elemental Analyzer,ELA-PartCN,,,
2024082704-01,114 LA CB Epi,0,3.25,8/27/2024,Part C/N,Part N,,엲/L,10,Elementar UNICUBE Organic Elemental Analyzer,ELA-PartCN,,,
2024082704-01,114 LA CB Epi,0,3.25,8/27/2024,Part P,Part P,,엲/L,1,Shimadzu UV1800 Scanning Spectrophotometer,ELA-PartP,,,
2024082704-01,114 LA CB Epi,0,3.25,8/27/2024,pH,pH,6.53,SU,,Thermo Scientific Orion Star A211 pH Meter,ELA-pH,cleclerc,8/27/2024 2:00:00 AM,
2024082704-01,114 LA CB Epi,0,3.25,8/27/2024,Phytoplankton taxonomy,Total Biomass,,mg/m^3,1,Zeiss invertoscope inverted microscope,ELA-Phytoplankton taxonomy,,,
2024082704-01,114 LA CB Epi,0,3.25,8/27/2024,SRSi,SRSi,,mg/L,0.003,Shimadzu UV1800 Scanning Spectrophotometer,ELA-SRSi,,,
2024082704-01,114 LA CB Epi,0,3.25,8/27/2024,TDN,TDN,339,엲/L,51,AutoAnalyzer 3,ELA-TDN/TDP,bcooney,9/12/2024 12:00:00 AM,
2024082704-01,114 LA CB Epi,0,3.25,8/27/2024,TDP,TDP,,엲/L,,AutoAnalyzer 3,ELA-TDN/TDP,,,
2024082704-02,114 LA CB Meta,3.75,40,8/27/2024,Alk,Alk,52.61,엔q/L,,MANTECH MT-100,ELA-MT100,cleclerc,8/27/2024 2:00:00 AM,
2024082704-02,114 LA CB Meta,3.75,40,8/27/2024,Archive,Archive,,,,,ELA-Archive,,,
2024082704-02,114 LA CB Meta,3.75,40,8/27/2024,Chla,Chla,2.36,엲/L,0.5,Turner Designs Trilogy Fluorometer,ELA-Chla,gmollot,10/10/2024 12:00:00 AM,
2024082704-02,114 LA CB Meta,3.75,40,8/27/2024,DIC,DIC,68,엸ol/L,,LI-850 LI-COR CO2/H20 Gas Analyzer,ELA-DIC,cleclerc,8/27/2024 2:00:00 AM,
2024082704-02,114 LA CB Meta,3.75,40,8/27/2024,DOC,DOC,,엸ol/L,,Elementar Enviro-TOC,ELA-DOC,,,
2024082704-02,114 LA CB Meta,3.75,40,8/27/2024,Filtration,Volume filtered,,mL,,,ELA-Filtration,,,
2024082704-02,114 LA CB Meta,3.75,40,8/27/2024,NH3,NH3-N,2,엲/L,3.4,AutoAnalyzer 3,ELA-NOxNH3,qmurdock,8/28/2024 2:00:00 AM,
2024082704-02,114 LA CB Meta,3.75,40,8/27/2024,NO2,NO2-N,0,엲/L,0.6,AutoAnalyzer 3,ELA-NOxNH3,qmurdock,8/28/2024 2:00:00 AM,
2024082704-02,114 LA CB Meta,3.75,40,8/27/2024,NO3,NO3-N,0,엲/L,1.6,AutoAnalyzer 3,ELA-NOxNH3,qmurdock,8/28/2024 2:00:00 AM,
2024082704-02,114 LA CB Meta,3.75,40,8/27/2024,Part C/N,Part C,,엲/L,,Elementar UNICUBE Organic Elemental Analyzer,ELA-PartCN,,,
2024082704-02,114 LA CB Meta,3.75,40,8/27/2024,Part C/N,Part N,,엲/L,10,Elementar UNICUBE Organic Elemental Analyzer,ELA-PartCN,,,
2024082704-02,114 LA CB Meta,3.75,40,8/27/2024,Part P,Part P,,엲/L,1,Shimadzu UV1800 Scanning Spectrophotometer,ELA-PartP,,,
2024082704-02,114 LA CB Meta,3.75,40,8/27/2024,pH,pH,6.08,SU,,Thermo Scientific Orion Star A211 pH Meter,ELA-pH,cleclerc,8/27/2024 2:00:00 AM,
2024082704-02,114 LA CB Meta,3.75,40,8/27/2024,Phytoplankton taxonomy,Total Biomass,,mg/m^3,1,Zeiss invertoscope inverted microscope,ELA-Phytoplankton taxonomy,,,
2024082704-02,114 LA CB Meta,3.75,40,8/27/2024,SRSi,SRSi,,mg/L,0.003,Shimadzu UV1800 Scanning Spectrophotometer,ELA-SRSi,,,
2024082704-02,114 LA CB Meta,3.75,40,8/27/2024,TDN,TDN,353,엲/L,51,AutoAnalyzer 3,ELA-TDN/TDP,bcooney,9/12/2024 12:00:00 AM,
2024082704-02,114 LA CB Meta,3.75,40,8/27/2024,TDP,TDP,,엲/L,,AutoAnalyzer 3,ELA-TDN/TDP,,,
2024082704-03,114 LA CMP PE,,,8/27/2024,Zooplankton taxonomy,Total Biomass,,,,Zeiss invertoscope inverted microscope,ELA-Zootube,,,
2024091004-01,114 LA CB Epi,0,4,9/10/2024,Alk,Alk,40.8,엔q/L,,MANTECH MT-100,ELA-MT100,ctaylor,10/9/2024 2:00:00 AM,
2024091004-01,114 LA CB Epi,0,4,9/10/2024,Anions,Cl,,mg/L,,Shimadzu HIC-ESP,ELA-ClSO4,,,
2024091004-01,114 LA CB Epi,0,4,9/10/2024,Anions,SO4,,mg/L,,Shimadzu HIC-ESP,ELA-ClSO4,,,
2024091004-01,114 LA CB Epi,0,4,9/10/2024,Archive,Archive,,,,,ELA-Archive,,,
2024091004-01,114 LA CB Epi,0,4,9/10/2024,Cations,Ca,,mg/L,,4210 Microwave Plasma Atomic Emission Spectrometer,ELA-Cations,,,
2024091004-01,114 LA CB Epi,0,4,9/10/2024,Cations,Fe,,mg/L,,4210 Microwave Plasma Atomic Emission Spectrometer,ELA-Cations,,,
2024091004-01,114 LA CB Epi,0,4,9/10/2024,Cations,K,,mg/L,,4210 Microwave Plasma Atomic Emission Spectrometer,ELA-Cations,,,
2024091004-01,114 LA CB Epi,0,4,9/10/2024,Cations,Mg,,mg/L,,4210 Microwave Plasma Atomic Emission Spectrometer,ELA-Cations,,,
2024091004-01,114 LA CB Epi,0,4,9/10/2024,Cations,Mn,,mg/L,,4210 Microwave Plasma Atomic Emission Spectrometer,ELA-Cations,,,
2024091004-01,114 LA CB Epi,0,4,9/10/2024,Cations,Mo,,mg/L,,4210 Microwave Plasma Atomic Emission Spectrometer,ELA-Cations,,,
2024091004-01,114 LA CB Epi,0,4,9/10/2024,Cations,Na,,mg/L,,4210 Microwave Plasma Atomic Emission Spectrometer,ELA-Cations,,,
2024091004-01,114 LA CB Epi,0,4,9/10/2024,Cations,Zn,,mg/L,,4210 Microwave Plasma Atomic Emission Spectrometer,ELA-Cations,,,
2024091004-01,114 LA CB Epi,0,4,9/10/2024,Chla,Chla,2.71,엲/L,0.5,Turner Designs Trilogy Fluorometer,ELA-Chla,gmollot,10/10/2024 12:00:00 AM,
2024091004-01,114 LA CB Epi,0,4,9/10/2024,DIC,DIC,59,엸ol/L,,LI-850 LI-COR CO2/H20 Gas Analyzer,ELA-DIC,ctaylor,10/9/2024 2:00:00 AM,
2024091004-01,114 LA CB Epi,0,4,9/10/2024,DOC,DOC,,엸ol/L,,Elementar Enviro-TOC,ELA-DOC,,,
2024091004-01,114 LA CB Epi,0,4,9/10/2024,Filtration,Volume filtered,,mL,,,ELA-Filtration,,,
2024091004-01,114 LA CB Epi,0,4,9/10/2024,NH3,NH3-N,4,엲/L,10.3,AutoAnalyzer 3,ELA-NOxNH3,knandi,9/10/2024 2:00:00 AM,
2024091004-01,114 LA CB Epi,0,4,9/10/2024,NO2,NO2-N,0,엲/L,1.1,AutoAnalyzer 3,ELA-NOxNH3,knandi,9/10/2024 2:00:00 AM,
2024091004-01,114 LA CB Epi,0,4,9/10/2024,NO3,NO3-N,1,엲/L,2.9,AutoAnalyzer 3,ELA-NOxNH3,knandi,9/10/2024 2:00:00 AM,
2024091004-01,114 LA CB Epi,0,4,9/10/2024,Part C/N,Part C,,엲/L,,Elementar UNICUBE Organic Elemental Analyzer,ELA-PartCN,,,
2024091004-01,114 LA CB Epi,0,4,9/10/2024,Part C/N,Part N,,엲/L,,Elementar UNICUBE Organic Elemental Analyzer,ELA-PartCN,,,
2024091004-01,114 LA CB Epi,0,,9/10/2024,Part P,Part P,,엲/L,1,Shimadzu UV1800 Scanning Spectrophotometer,ELA-PartP,,,
2024091004-01,114 LA CB Epi,0,4,9/10/2024,pH,pH,6.28,SU,,Thermo Scientific Orion Star A211 pH Meter,ELA-pH,,,
2024091004-01,114 LA CB Epi,0,4,9/10/2024,Phytoplankton taxonomy,Total Biomass,,mg/m^3,1,Zeiss invertoscope inverted microscope,ELA-Phytoplankton taxonomy,,,
2024091004-01,114 LA CB Epi,0,4,9/10/2024,SRSi,SRSi,,mg/L,0.003,Shimadzu UV1800 Scanning Spectrophotometer,ELA-SRSi,,,
2024091004-01,114 LA CB Epi,0,4,9/10/2024,TDN,TDN,408,엲/L,32.7,AutoAnalyzer 3,ELA-TDN/TDP,knandi,9/23/2024 12:00:00 AM,
2024091004-01,114 LA CB Epi,0,4,9/10/2024,TDP,TDP,2.3,엲/L,1.5,AutoAnalyzer 3,ELA-TDN/TDP,knandi,9/23/2024 12:00:00 AM,
2024091004-03,114 LA CMP PE,,,9/10/2024,Zooplankton taxonomy,Total Biomass,,,,Zeiss invertoscope inverted microscope,ELA-Zootube,,,
2024092403-01,114 LA CB Epi,0,3.75,9/24/2024,Alk,Alk,58.7,엔q/L,,MANTECH MT-100,ELA-MT100,ctaylor,9/25/2024 12:00:00 AM,
2024092403-01,114 LA CB Epi,0,3.75,9/24/2024,Anions,Cl,,mg/L,,Shimadzu HIC-ESP,ELA-ClSO4,,,
2024092403-01,114 LA CB Epi,0,3.75,9/24/2024,Anions,SO4,,mg/L,,Shimadzu HIC-ESP,ELA-ClSO4,,,
2024092403-01,114 LA CB Epi,0,3.75,9/24/2024,Archive,Archive,,,,,ELA-Archive,,,
2024092403-01,114 LA CB Epi,0,3.75,9/24/2024,Cations,Ca,,mg/L,,4210 Microwave Plasma Atomic Emission Spectrometer,ELA-Cations,,,
2024092403-01,114 LA CB Epi,0,3.75,9/24/2024,Cations,Fe,,mg/L,,4210 Microwave Plasma Atomic Emission Spectrometer,ELA-Cations,,,
2024092403-01,114 LA CB Epi,0,3.75,9/24/2024,Cations,K,,mg/L,,4210 Microwave Plasma Atomic Emission Spectrometer,ELA-Cations,,,
2024092403-01,114 LA CB Epi,0,3.75,9/24/2024,Cations,Mg,,mg/L,,4210 Microwave Plasma Atomic Emission Spectrometer,ELA-Cations,,,
2024092403-01,114 LA CB Epi,0,3.75,9/24/2024,Cations,Mn,,mg/L,,4210 Microwave Plasma Atomic Emission Spectrometer,ELA-Cations,,,
2024092403-01,114 LA CB Epi,0,3.75,9/24/2024,Cations,Mo,,mg/L,,4210 Microwave Plasma Atomic Emission Spectrometer,ELA-Cations,,,
2024092403-01,114 LA CB Epi,0,3.75,9/24/2024,Cations,Na,,mg/L,,4210 Microwave Plasma Atomic Emission Spectrometer,ELA-Cations,,,
2024092403-01,114 LA CB Epi,0,3.75,9/24/2024,Cations,Zn,,mg/L,,4210 Microwave Plasma Atomic Emission Spectrometer,ELA-Cations,,,
2024092403-01,114 LA CB Epi,0,3.75,9/24/2024,Chla,Chla,3.4,엲/L,0.5,Turner Designs Trilogy Fluorometer,ELA-Chla,gmollot,10/18/2024 12:00:00 AM,
2024092403-01,114 LA CB Epi,0,3.75,9/24/2024,DIC,DIC,49,엸ol/L,,LI-850 LI-COR CO2/H20 Gas Analyzer,ELA-DIC,ctaylor,9/24/2024 12:00:00 AM,
2024092403-01,114 LA CB Epi,0,3.75,9/24/2024,DOC,DOC,,엸ol/L,,Elementar Enviro-TOC,ELA-DOC,,,
2024092403-01,114 LA CB Epi,0,3.75,9/24/2024,Filtration,Volume filtered,,mL,,,ELA-Filtration,,,
2024092403-01,114 LA CB Epi,0,3.75,9/24/2024,NH3,NH3-N,1,엲/L,5.2,AutoAnalyzer 3,ELA-NOxNH3,knandi,,
2024092403-01,114 LA CB Epi,0,3.75,9/24/2024,NO2,NO2-N,0,엲/L,0.7,AutoAnalyzer 3,ELA-NOxNH3,knandi,9/24/2024 12:00:00 AM,
2024092403-01,114 LA CB Epi,0,3.75,9/24/2024,NO3,NO3-N,2,엲/L,2,AutoAnalyzer 3,ELA-NOxNH3,knandi,9/24/2024 12:00:00 AM,
2024092403-01,114 LA CB Epi,0,3.75,9/24/2024,Part C/N,Part C,,엲/L,,Elementar UNICUBE Organic Elemental Analyzer,ELA-PartCN,,,
2024092403-01,114 LA CB Epi,0,3.75,9/24/2024,Part C/N,Part N,,엲/L,,Elementar UNICUBE Organic Elemental Analyzer,ELA-PartCN,,,
2024092403-01,114 LA CB Epi,0,3.75,9/24/2024,Part P,Part P,,엲/L,1,Shimadzu UV1800 Scanning Spectrophotometer,ELA-PartP,,,
2024092403-01,114 LA CB Epi,0,3.75,9/24/2024,pH,pH,6.24,SU,,Thermo Scientific Orion Star A211 pH Meter,ELA-pH,ctaylor,9/24/2024 12:00:00 AM,
2024092403-01,114 LA CB Epi,0,3.75,9/24/2024,Phytoplankton taxonomy,Total Biomass,,mg/m^3,1,Zeiss invertoscope inverted microscope,ELA-Phytoplankton taxonomy,,,
2024092403-01,114 LA CB Epi,0,3.75,9/24/2024,SRSi,SRSi,,mg/L,0.003,Shimadzu UV1800 Scanning Spectrophotometer,ELA-SRSi,,,
2024092403-01,114 LA CB Epi,0,3.75,9/24/2024,TDN,TDN,348,엲/L,66,AutoAnalyzer 3,ELA-TDN/TDP,knandi,10/9/2024 12:00:00 AM,
2024092403-01,114 LA CB Epi,0,3.75,9/24/2024,TDP,TDP,0.4,엲/L,0.7,AutoAnalyzer 3,ELA-TDN/TDP,knandi,10/9/2024 12:00:00 AM,
2024092403-03,114 LA CMP PE,,,9/24/2024,Zooplankton taxonomy,Total Biomass,,,,Zeiss invertoscope inverted microscope,ELA-Zootube,,,
2024100804-01,114 LA CB Epi,0,4,10/8/2024,Alk,Alk,36.8,엔q/L,,MANTECH MT-100,ELA-MT100,ctaylor,10/8/2024 12:00:00 AM,
2024100804-01,114 LA CB Epi,0,4,10/8/2024,Anions,Cl,,mg/L,,Shimadzu HIC-ESP,ELA-ClSO4,,,
2024100804-01,114 LA CB Epi,0,4,10/8/2024,Anions,SO4,,mg/L,,Shimadzu HIC-ESP,ELA-ClSO4,,,
2024100804-01,114 LA CB Epi,0,4,10/8/2024,Archive,Archive,,,,,ELA-Archive,,,
2024100804-01,114 LA CB Epi,0,4,10/8/2024,Cations,Ca,,mg/L,,4210 Microwave Plasma Atomic Emission Spectrometer,ELA-Cations,,,
2024100804-01,114 LA CB Epi,0,4,10/8/2024,Cations,Fe,,mg/L,,4210 Microwave Plasma Atomic Emission Spectrometer,ELA-Cations,,,
2024100804-01,114 LA CB Epi,0,4,10/8/2024,Cations,K,,mg/L,,4210 Microwave Plasma Atomic Emission Spectrometer,ELA-Cations,,,
2024100804-01,114 LA CB Epi,0,4,10/8/2024,Cations,Mg,,mg/L,,4210 Microwave Plasma Atomic Emission Spectrometer,ELA-Cations,,,
2024100804-01,114 LA CB Epi,0,4,10/8/2024,Cations,Mn,,mg/L,,4210 Microwave Plasma Atomic Emission Spectrometer,ELA-Cations,,,
2024100804-01,114 LA CB Epi,0,4,10/8/2024,Cations,Mo,,mg/L,,4210 Microwave Plasma Atomic Emission Spectrometer,ELA-Cations,,,
2024100804-01,114 LA CB Epi,0,4,10/8/2024,Cations,Na,,mg/L,,4210 Microwave Plasma Atomic Emission Spectrometer,ELA-Cations,,,
2024100804-01,114 LA CB Epi,0,4,10/8/2024,Cations,Zn,,mg/L,,4210 Microwave Plasma Atomic Emission Spectrometer,ELA-Cations,,,
2024100804-01,114 LA CB Epi,0,4,10/8/2024,Chla,Chla,3.16,엲/L,0.5,Turner Designs Trilogy Fluorometer,ELA-Chla,ctaylor,10/17/2024 12:00:00 AM,
2024100804-01,114 LA CB Epi,0,4,10/8/2024,DIC,DIC,49,엸ol/L,,LI-850 LI-COR CO2/H20 Gas Analyzer,ELA-DIC,ctaylor,10/8/2024 12:00:00 AM,
2024100804-01,114 LA CB Epi,0,4,10/8/2024,DOC,DOC,,엸ol/L,,Elementar Enviro-TOC,ELA-DOC,,,
2024100804-01,114 LA CB Epi,0,4,10/8/2024,Filtration,Volume filtered,,mL,,,ELA-Filtration,,,
2024100804-01,114 LA CB Epi,0,4,10/8/2024,NH3,NH3-N,8,엲/L,18,AutoAnalyzer 3,ELA-NOxNH3,knandi,10/8/2024 12:00:00 AM,
2024100804-01,114 LA CB Epi,0,4,10/8/2024,NO2,NO2-N,0,엲/L,0.5,AutoAnalyzer 3,ELA-NOxNH3,knandi,10/10/2024 12:00:00 AM,
2024100804-01,114 LA CB Epi,0,4,10/8/2024,NO3,NO3-N,1,엲/L,0.9,AutoAnalyzer 3,ELA-NOxNH3,knandi,10/10/2024 12:00:00 AM,
2024100804-01,114 LA CB Epi,0,4,10/8/2024,Part C/N,Part C,,엲/L,,Elementar UNICUBE Organic Elemental Analyzer,ELA-PartCN,,,
2024100804-01,114 LA CB Epi,0,4,10/8/2024,Part C/N,Part N,,엲/L,,Elementar UNICUBE Organic Elemental Analyzer,ELA-PartCN,,,
2024100804-01,114 LA CB Epi,0,4,10/8/2024,Part P,Part P,,엲/L,1,Shimadzu UV1800 Scanning Spectrophotometer,ELA-PartP,,,
2024100804-01,114 LA CB Epi,0,4,10/8/2024,pH,pH,6.44,SU,,Thermo Scientific Orion Star A211 pH Meter,ELA-pH,ctaylor,10/8/2024 12:00:00 AM,
2024100804-01,114 LA CB Epi,0,4,10/8/2024,Phytoplankton taxonomy,Total Biomass,,mg/m^3,1,Zeiss invertoscope inverted microscope,ELA-Phytoplankton taxonomy,,,
2024100804-01,114 LA CB Epi,0,4,10/8/2024,SRSi,SRSi,,mg/L,0.003,Shimadzu UV1800 Scanning Spectrophotometer,ELA-SRSi,,,
2024100804-01,114 LA CB Epi,0,4,10/8/2024,TDN,TDN,350,엲/L,35,AutoAnalyzer 3,ELA-TDN/TDP,knandi,10/17/2024 12:00:00 AM,
2024100804-01,114 LA CB Epi,0,4,10/8/2024,TDP,TDP,2.2,엲/L,0.4,AutoAnalyzer 3,ELA-TDN/TDP,knandi,10/17/2024 12:00:00 AM,
2024100804-03,114 LA CMP PE,,,10/8/2024,Zooplankton taxonomy,Total Biomass,,,,Zeiss invertoscope inverted microscope,ELA-Zootube,,,
2024102802-01,114 LA CB Epi,0,4,10/28/2024,Alk,Alk,42.1,엔q/L,,MANTECH MT-100,ELA-MT100,ctaylor,10/28/2024 12:00:00 AM,
2024102802-01,114 LA CB Epi,0,4,10/28/2024,Anions,Cl,,mg/L,,Shimadzu HIC-ESP,ELA-ClSO4,,,
2024102802-01,114 LA CB Epi,0,4,10/28/2024,Anions,SO4,,mg/L,,Shimadzu HIC-ESP,ELA-ClSO4,,,
2024102802-01,114 LA CB Epi,0,4,10/28/2024,Archive,Archive,,,,,ELA-Archive,,,
2024102802-01,114 LA CB Epi,0,4,10/28/2024,Cations,Ca,,mg/L,,4210 Microwave Plasma Atomic Emission Spectrometer,ELA-Cations,,,
2024102802-01,114 LA CB Epi,0,4,10/28/2024,Cations,Fe,,mg/L,,4210 Microwave Plasma Atomic Emission Spectrometer,ELA-Cations,,,
2024102802-01,114 LA CB Epi,0,4,10/28/2024,Cations,K,,mg/L,,4210 Microwave Plasma Atomic Emission Spectrometer,ELA-Cations,,,
2024102802-01,114 LA CB Epi,0,4,10/28/2024,Cations,Mg,,mg/L,,4210 Microwave Plasma Atomic Emission Spectrometer,ELA-Cations,,,
2024102802-01,114 LA CB Epi,0,4,10/28/2024,Cations,Mn,,mg/L,,4210 Microwave Plasma Atomic Emission Spectrometer,ELA-Cations,,,
2024102802-01,114 LA CB Epi,0,4,10/28/2024,Cations,Mo,,mg/L,,4210 Microwave Plasma Atomic Emission Spectrometer,ELA-Cations,,,
2024102802-01,114 LA CB Epi,0,4,10/28/2024,Cations,Na,,mg/L,,4210 Microwave Plasma Atomic Emission Spectrometer,ELA-Cations,,,
2024102802-01,114 LA CB Epi,0,4,10/28/2024,Cations,Zn,,mg/L,,4210 Microwave Plasma Atomic Emission Spectrometer,ELA-Cations,,,
2024102802-01,114 LA CB Epi,0,4,10/28/2024,Chla,Chla,2.08,엲/L,0.5,Turner Designs Trilogy Fluorometer,ELA-Chla,knandi,11/12/2024 12:00:00 AM,
2024102802-01,114 LA CB Epi,0,4,10/28/2024,DIC,DIC,51,엸ol/L,,LI-850 LI-COR CO2/H20 Gas Analyzer,ELA-DIC,ctaylor,10/28/2024 12:00:00 AM,
2024102802-01,114 LA CB Epi,0,4,10/28/2024,DOC,DOC,,엸ol/L,,Elementar Enviro-TOC,ELA-DOC,,,
2024102802-01,114 LA CB Epi,0,4,10/28/2024,Filtration,Volume filtered,,mL,,,ELA-Filtration,,,
2024102802-01,114 LA CB Epi,0,4,10/28/2024,NH3,NH3-N,10,엲/L,6,AutoAnalyzer 3,ELA-NOxNH3,knandi,10/29/2024 12:00:00 AM,
2024102802-01,114 LA CB Epi,0,4,10/28/2024,NO2,NO2-N,0,엲/L,0.4,AutoAnalyzer 3,ELA-NOxNH3,knandi,10/29/2024 12:00:00 AM,
2024102802-01,114 LA CB Epi,0,4,10/28/2024,NO3,NO3-N,0,엲/L,0.8,AutoAnalyzer 3,ELA-NOxNH3,knandi,10/29/2024 12:00:00 AM,
2024102802-01,114 LA CB Epi,0,4,10/28/2024,Part C/N,Part C,,엲/L,,Elementar UNICUBE Organic Elemental Analyzer,ELA-PartCN,,,
2024102802-01,114 LA CB Epi,0,4,10/28/2024,Part C/N,Part N,,엲/L,,Elementar UNICUBE Organic Elemental Analyzer,ELA-PartCN,,,
2024102802-01,114 LA CB Epi,0,4,10/28/2024,Part P,Part P,,엲/L,1,Shimadzu UV1800 Scanning Spectrophotometer,ELA-PartP,,,
2024102802-01,114 LA CB Epi,0,4,10/28/2024,pH,pH,6.47,SU,,Thermo Scientific Orion Star A211 pH Meter,ELA-pH,ctaylor,10/28/2024 12:00:00 AM,
2024102802-01,114 LA CB Epi,0,4,10/28/2024,Phytoplankton taxonomy,Total Biomass,,mg/m^3,1,Zeiss invertoscope inverted microscope,ELA-Phytoplankton taxonomy,,,
2024102802-01,114 LA CB Epi,0,4,10/28/2024,SRSi,SRSi,,mg/L,0.003,Shimadzu UV1800 Scanning Spectrophotometer,ELA-SRSi,,,
2024102802-01,114 LA CB Epi,0,4,10/28/2024,TDN,TDN,350,엲/L,19,AutoAnalyzer 3,ELA-TDN/TDP,knandi,11/4/2024 12:00:00 AM,
2024102802-01,114 LA CB Epi,0,4,10/28/2024,TDP,TDP,2.5,엲/L,0.4,AutoAnalyzer 3,ELA-TDN/TDP,knandi,11/4/2024 12:00:00 AM,
2024102802-03,114 LA CMP PE,,,10/28/2024,Zooplankton taxonomy,Total Biomass,,,,Zeiss invertoscope inverted microscope,ELA-Zootube,,,
2024102802-04,114 LA CB Epi,0,4,10/28/2024,Alk,Alk,48,엔q/L,,MANTECH MT-100,ELA-MT100,ctaylor,10/28/2024 12:00:00 AM,
2024102802-04,114 LA CB Epi,0,4,10/28/2024,Anions,Cl,,mg/L,,Shimadzu HIC-ESP,ELA-ClSO4,,,
2024102802-04,114 LA CB Epi,0,4,10/28/2024,Anions,SO4,,mg/L,,Shimadzu HIC-ESP,ELA-ClSO4,,,
2024102802-04,114 LA CB Epi,0,4,10/28/2024,Archive,Archive,,,,,ELA-Archive,,,
2024102802-04,114 LA CB Epi,0,4,10/28/2024,Cations,Ca,,mg/L,,4210 Microwave Plasma Atomic Emission Spectrometer,ELA-Cations,,,
2024102802-04,114 LA CB Epi,0,4,10/28/2024,Cations,Fe,,mg/L,,4210 Microwave Plasma Atomic Emission Spectrometer,ELA-Cations,,,
2024102802-04,114 LA CB Epi,0,4,10/28/2024,Cations,K,,mg/L,,4210 Microwave Plasma Atomic Emission Spectrometer,ELA-Cations,,,
2024102802-04,114 LA CB Epi,0,4,10/28/2024,Cations,Mg,,mg/L,,4210 Microwave Plasma Atomic Emission Spectrometer,ELA-Cations,,,
2024102802-04,114 LA CB Epi,0,4,10/28/2024,Cations,Mn,,mg/L,,4210 Microwave Plasma Atomic Emission Spectrometer,ELA-Cations,,,
2024102802-04,114 LA CB Epi,0,4,10/28/2024,Cations,Mo,,mg/L,,4210 Microwave Plasma Atomic Emission Spectrometer,ELA-Cations,,,
2024102802-04,114 LA CB Epi,0,4,10/28/2024,Cations,Na,,mg/L,,4210 Microwave Plasma Atomic Emission Spectrometer,ELA-Cations,,,
2024102802-04,114 LA CB Epi,0,4,10/28/2024,Cations,Zn,,mg/L,,4210 Microwave Plasma Atomic Emission Spectrometer,ELA-Cations,,,
2024102802-04,114 LA CB Epi,0,4,10/28/2024,Chla,Chla,2.32,엲/L,0.5,Turner Designs Trilogy Fluorometer,ELA-Chla,knandi,11/12/2024 12:00:00 AM,
2024102802-04,114 LA CB Epi,0,4,10/28/2024,DIC,DIC,62,엸ol/L,,LI-850 LI-COR CO2/H20 Gas Analyzer,ELA-DIC,ctaylor,10/28/2024 12:00:00 AM,
2024102802-04,114 LA CB Epi,0,4,10/28/2024,DOC,DOC,,엸ol/L,,Elementar Enviro-TOC,ELA-DOC,,,
2024102802-04,114 LA CB Epi,0,4,10/28/2024,Filtration,Volume filtered,,mL,,,ELA-Filtration,,,
2024102802-04,114 LA CB Epi,0,4,10/28/2024,NH3,NH3-N,2,엲/L,6,AutoAnalyzer 3,ELA-NOxNH3,knandi,10/29/2024 12:00:00 AM,
2024102802-04,114 LA CB Epi,0,4,10/28/2024,NO2,NO2-N,0,엲/L,0.4,AutoAnalyzer 3,ELA-NOxNH3,knandi,10/29/2024 12:00:00 AM,
2024102802-04,114 LA CB Epi,0,4,10/28/2024,NO3,NO3-N,0,엲/L,0.8,AutoAnalyzer 3,ELA-NOxNH3,knandi,10/29/2024 12:00:00 AM,
2024102802-04,114 LA CB Epi,0,4,10/28/2024,Part C/N,Part C,,엲/L,,Elementar UNICUBE Organic Elemental Analyzer,ELA-PartCN,,,
2024102802-04,114 LA CB Epi,0,4,10/28/2024,Part C/N,Part N,,엲/L,,Elementar UNICUBE Organic Elemental Analyzer,ELA-PartCN,,,
2024102802-04,114 LA CB Epi,0,4,10/28/2024,Part P,Part P,,엲/L,1,Shimadzu UV1800 Scanning Spectrophotometer,ELA-PartP,,,
2024102802-04,114 LA CB Epi,0,4,10/28/2024,pH,pH,6.5,SU,,Thermo Scientific Orion Star A211 pH Meter,ELA-pH,ctaylor,10/28/2024 12:00:00 AM,
2024102802-04,114 LA CB Epi,0,4,10/28/2024,Phytoplankton taxonomy,Total Biomass,,mg/m^3,1,Zeiss invertoscope inverted microscope,ELA-Phytoplankton taxonomy,,,
2024102802-04,114 LA CB Epi,0,4,10/28/2024,SRSi,SRSi,,mg/L,0.003,Shimadzu UV1800 Scanning Spectrophotometer,ELA-SRSi,,,
2024102802-04,114 LA CB Epi,0,4,10/28/2024,TDN,TDN,334,엲/L,19,AutoAnalyzer 3,ELA-TDN/TDP,knandi,11/4/2024 12:00:00 AM,
2024102802-04,114 LA CB Epi,0,4,10/28/2024,TDP,TDP,2,엲/L,0.4,AutoAnalyzer 3,ELA-TDN/TDP,knandi,11/4/2024 12:00:00 AM,
