dataset_code,dataset_name,monitoring_location_name,sample_date,sample_time,kd_best_fit_pts,r2_best_fit_pts,num_pts_best_fit,kd_all_pts,r2_all_pts,num_pts_all,method_code,method_description,gear_type_code,gear_type_desc,collection_authority,update_date,account,version
G06,VERTICAL ATTENUATION COEFFICIENTS - 1986 TO PRESENT,114 LA CB,2023-05-17,8:31,0.601,0.991,5,0.601,0.991,5,PR3,Digitally collected PAR using underwater and surface sensors,RBR3,RBR #3 Maestro^3 Serial No 211416,SandilandsK,2024-05-10,iyaktubay,1
G06,VERTICAL ATTENUATION COEFFICIENTS - 1986 TO PRESENT,114 LA CB,2023-05-30,8:26,0.603,0.998,5,0.603,0.998,5,PR2,Manually collected PAR using underwater sensor only,MA1,Manual underwater Licor PAR sensor (model LI192 Underwater Quantum Sensor),SandilandsK,2024-05-10,iyaktubay,1
G06,VERTICAL ATTENUATION COEFFICIENTS - 1986 TO PRESENT,114 LA CB,2023-06-13,7:57,0.772,0.996,6,0.772,0.996,6,PR2,Manually collected PAR using underwater sensor only,MA1,Manual underwater Licor PAR sensor (model LI192 Underwater Quantum Sensor),SandilandsK,2024-05-10,iyaktubay,1
G06,VERTICAL ATTENUATION COEFFICIENTS - 1986 TO PRESENT,114 LA CB,2023-06-27,9:17,0.762,0.996,6,0.762,0.996,6,PR2,Manually collected PAR using underwater sensor only,MA1,Manual underwater Licor PAR sensor (model LI192 Underwater Quantum Sensor),SandilandsK,2024-05-10,iyaktubay,1
G06,VERTICAL ATTENUATION COEFFICIENTS - 1986 TO PRESENT,114 LA CB,2023-07-11,8:15,0.367,0.999,3,0.396,0.933,4,PR3,Digitally collected PAR using underwater and surface sensors,RBR4,RBR #4 Maestro^3 Serial No 211417,SandilandsK,2024-05-10,iyaktubay,1
G06,VERTICAL ATTENUATION COEFFICIENTS - 1986 TO PRESENT,114 LA CB,2023-07-25,9:15,0.519,0.992,5,0.519,0.992,5,PR2,Manually collected PAR using underwater sensor only,MA1,Manual underwater Licor PAR sensor (model LI192 Underwater Quantum Sensor),SandilandsK,2024-05-10,iyaktubay,1
G06,VERTICAL ATTENUATION COEFFICIENTS - 1986 TO PRESENT,114 LA CB,2023-08-09,9:53,0.458,0.811,4,0.458,0.811,4,PR3,Digitally collected PAR using underwater and surface sensors,RBR4,RBR #4 Maestro^3 Serial No 211417,SandilandsK,2024-05-10,iyaktubay,1
G06,VERTICAL ATTENUATION COEFFICIENTS - 1986 TO PRESENT,114 LA CB,2023-08-22,9:16,0.504,0.999,5,0.504,0.999,5,PR2,Manually collected PAR using underwater sensor only,MA1,Manual underwater Licor PAR sensor (model LI192 Underwater Quantum Sensor),SandilandsK,2024-05-10,iyaktubay,1
G06,VERTICAL ATTENUATION COEFFICIENTS - 1986 TO PRESENT,114 LA CB,2023-09-06,13:35,0.686,0.998,5,0.686,0.998,5,PR2,Manually collected PAR using underwater sensor only,MA1,Manual underwater Licor PAR sensor (model LI192 Underwater Quantum Sensor),SandilandsK,2024-05-10,iyaktubay,1
G06,VERTICAL ATTENUATION COEFFICIENTS - 1986 TO PRESENT,114 LA CB,2023-09-19,8:50,0.529,0.993,5,0.529,0.993,5,PR2,Manually collected PAR using underwater sensor only,MA1,Manual underwater Licor PAR sensor (model LI192 Underwater Quantum Sensor),SandilandsK,2024-05-10,iyaktubay,1
G06,VERTICAL ATTENUATION COEFFICIENTS - 1986 TO PRESENT,114 LA CB,2023-10-04,9:48,0.572,0.985,6,0.572,0.985,6,PR2,Manually collected PAR using underwater sensor only,MA1,Manual underwater Licor PAR sensor (model LI192 Underwater Quantum Sensor),SandilandsK,2024-05-10,iyaktubay,1
G06,VERTICAL ATTENUATION COEFFICIENTS - 1986 TO PRESENT,114 LA CB,2023-10-31,10:22,0.306,0.989,5,0.306,0.989,5,PR3,Digitally collected PAR using underwater and surface sensors,RBR4,RBR #4 Maestro^3 Serial No 211417,SandilandsK,2024-05-10,iyaktubay,1
G06,VERTICAL ATTENUATION COEFFICIENTS - 1986 TO PRESENT,114 LA CB,2024-05-07,9:22,0.429,0.996,9,0.429,0.996,9,PR2,Manually collected PAR using underwater sensor only,MA1,Manual underwater Licor PAR sensor (model LI192 Underwater Quantum Sensor),SandilandsK,2025-04-01,iyaktubay,1
G06,VERTICAL ATTENUATION COEFFICIENTS - 1986 TO PRESENT,114 LA CB,2024-05-21,9:47,0.523,0.989,8,0.523,0.989,8,PR2,Manually collected PAR using underwater sensor only,MA1,Manual underwater Licor PAR sensor (model LI192 Underwater Quantum Sensor),SandilandsK,2025-04-01,iyaktubay,1
G06,VERTICAL ATTENUATION COEFFICIENTS - 1986 TO PRESENT,114 LA CB,2024-06-05,13:16,0.925,0.997,7,0.916,0.984,8,PR2,Manually collected PAR using underwater sensor only,MA1,Manual underwater Licor PAR sensor (model LI192 Underwater Quantum Sensor),SandilandsK,2025-04-01,iyaktubay,1
G06,VERTICAL ATTENUATION COEFFICIENTS - 1986 TO PRESENT,114 LA CB,2024-06-13,13:05,0.884,0.982,6,0.912,0.869,8,PR2,Manually collected PAR using underwater sensor only,MA1,Manual underwater Licor PAR sensor (model LI192 Underwater Quantum Sensor),SandilandsK,2025-04-01,iyaktubay,1
G06,VERTICAL ATTENUATION COEFFICIENTS - 1986 TO PRESENT,114 LA CB,2024-06-17,10:10,0.757,0.996,7,0.742,0.951,8,PR2,Manually collected PAR using underwater sensor only,MA1,Manual underwater Licor PAR sensor (model LI192 Underwater Quantum Sensor),SandilandsK,2025-04-01,iyaktubay,1
G06,VERTICAL ATTENUATION COEFFICIENTS - 1986 TO PRESENT,114 LA CB,2024-07-02,10:33,0.715,0.993,8,0.715,0.993,8,PR2,Manually collected PAR using underwater sensor only,MA1,Manual underwater Licor PAR sensor (model LI192 Underwater Quantum Sensor),SandilandsK,2025-04-01,iyaktubay,1
G06,VERTICAL ATTENUATION COEFFICIENTS - 1986 TO PRESENT,114 LA CB,2024-07-11,8:08,0.66,0.983,8,0.66,0.983,8,PR2,Manually collected PAR using underwater sensor only,MA1,Manual underwater Licor PAR sensor (model LI192 Underwater Quantum Sensor),SandilandsK,2025-04-01,iyaktubay,1
G06,VERTICAL ATTENUATION COEFFICIENTS - 1986 TO PRESENT,114 LA CB,2024-07-16,9:21,0.865,0.993,7,0.846,0.986,8,PR2,Manually collected PAR using underwater sensor only,MA1,Manual underwater Licor PAR sensor (model LI192 Underwater Quantum Sensor),SandilandsK,2025-04-01,iyaktubay,1
G06,VERTICAL ATTENUATION COEFFICIENTS - 1986 TO PRESENT,114 LA CB,2024-07-30,9:06,0.966,0.975,6,1.211,0.893,8,PR2,Manually collected PAR using underwater sensor only,MA1,Manual underwater Licor PAR sensor (model LI192 Underwater Quantum Sensor),SandilandsK,2025-04-01,iyaktubay,1
G06,VERTICAL ATTENUATION COEFFICIENTS - 1986 TO PRESENT,114 LA CB,2024-08-13,9:28,0.508,0.959,4,0.618,0.451,8,PR2,Manually collected PAR using underwater sensor only,MA1,Manual underwater Licor PAR sensor (model LI192 Underwater Quantum Sensor),SandilandsK,2025-04-01,iyaktubay,1
G06,VERTICAL ATTENUATION COEFFICIENTS - 1986 TO PRESENT,114 LA CB,2024-08-27,9:24,0.545,0.99,8,0.545,0.99,8,PR2,Manually collected PAR using underwater sensor only,MA1,Manual underwater Licor PAR sensor (model LI192 Underwater Quantum Sensor),SandilandsK,2025-04-01,iyaktubay,1
G06,VERTICAL ATTENUATION COEFFICIENTS - 1986 TO PRESENT,114 LA CB,2024-09-10,9:54,0.479,0.942,5,0.452,0.767,8,PR2,Manually collected PAR using underwater sensor only,MA1,Manual underwater Licor PAR sensor (model LI192 Underwater Quantum Sensor),SandilandsK,2025-04-01,iyaktubay,1
G06,VERTICAL ATTENUATION COEFFICIENTS - 1986 TO PRESENT,114 LA CB,2024-09-24,9:34,0.686,0.997,8,0.686,0.997,8,PR2,Manually collected PAR using underwater sensor only,MA1,Manual underwater Licor PAR sensor (model LI192 Underwater Quantum Sensor),SandilandsK,2025-04-01,iyaktubay,1
G06,VERTICAL ATTENUATION COEFFICIENTS - 1986 TO PRESENT,114 LA CB,2024-10-08,9:31,0.529,0.987,8,0.529,0.987,8,PR2,Manually collected PAR using underwater sensor only,MA1,Manual underwater Licor PAR sensor (model LI192 Underwater Quantum Sensor),SandilandsK,2025-04-01,iyaktubay,1
G06,VERTICAL ATTENUATION COEFFICIENTS - 1986 TO PRESENT,114 LA CB,2024-10-28,8:24,0.534,0.994,6,0.463,0.948,8,PR2,Manually collected PAR using underwater sensor only,MA1,Manual underwater Licor PAR sensor (model LI192 Underwater Quantum Sensor),SandilandsK,2025-04-01,iyaktubay,1
G06,VERTICAL ATTENUATION COEFFICIENTS - 1986 TO PRESENT,227 LA CB,2023-05-15,14:32,1.267,0.984,5,1.267,0.984,5,PR3,Digitally collected PAR using underwater and surface sensors,RBR3,RBR #3 Maestro^3 Serial No 211416,SandilandsK,2024-05-10,iyaktubay,1
G06,VERTICAL ATTENUATION COEFFICIENTS - 1986 TO PRESENT,227 LA CB,2023-05-31,7:41,1.288,0.975,5,1.288,0.975,5,PR2,Manually collected PAR using underwater sensor only,MA1,Manual underwater Licor PAR sensor (model LI192 Underwater Quantum Sensor),SandilandsK,2024-05-10,iyaktubay,1
G06,VERTICAL ATTENUATION COEFFICIENTS - 1986 TO PRESENT,227 LA CB,2023-06-14,8:37,1.704,0.992,4,1.704,0.992,4,PR3,Digitally collected PAR using underwater and surface sensors,RBR4,RBR #4 Maestro^3 Serial No 211417,SandilandsK,2024-05-10,iyaktubay,1
G06,VERTICAL ATTENUATION COEFFICIENTS - 1986 TO PRESENT,227 LA CB,2023-06-28,8:27,1.668,0.975,4,1.668,0.975,4,PR2,Manually collected PAR using underwater sensor only,MA1,Manual underwater Licor PAR sensor (model LI192 Underwater Quantum Sensor),SandilandsK,2024-05-10,iyaktubay,1
G06,VERTICAL ATTENUATION COEFFICIENTS - 1986 TO PRESENT,227 LA CB,2023-07-11,8:36,1.218,0.99,4,1.218,0.99,4,PR2,Manually collected PAR using underwater sensor only,MA1,Manual underwater Licor PAR sensor (model LI192 Underwater Quantum Sensor),SandilandsK,2024-05-10,iyaktubay,1
G06,VERTICAL ATTENUATION COEFFICIENTS - 1986 TO PRESENT,227 LA CB,2023-07-26,8:31,1.626,0.98,4,1.531,0.954,5,PR2,Manually collected PAR using underwater sensor only,MA1,Manual underwater Licor PAR sensor (model LI192 Underwater Quantum Sensor),SandilandsK,2024-05-10,iyaktubay,1
G06,VERTICAL ATTENUATION COEFFICIENTS - 1986 TO PRESENT,227 LA CB,2023-08-09,13:26,1.242,0.999,4,1.242,0.999,4,PR3,Digitally collected PAR using underwater and surface sensors,RBR4,RBR #4 Maestro^3 Serial No 211417,SandilandsK,2024-05-10,iyaktubay,1
G06,VERTICAL ATTENUATION COEFFICIENTS - 1986 TO PRESENT,227 LA CB,2023-08-24,9:32,1.015,0.997,4,1.015,0.997,4,PR3,Digitally collected PAR using underwater and surface sensors,RBR4,RBR #4 Maestro^3 Serial No 211417,SandilandsK,2024-05-10,iyaktubay,1
G06,VERTICAL ATTENUATION COEFFICIENTS - 1986 TO PRESENT,227 LA CB,2023-09-06,14:04,1.046,0.978,5,1.046,0.978,5,PR3,Digitally collected PAR using underwater and surface sensors,RBR4,RBR #4 Maestro^3 Serial No 211417,SandilandsK,2024-05-10,iyaktubay,1
G06,VERTICAL ATTENUATION COEFFICIENTS - 1986 TO PRESENT,227 LA CB,2023-09-20,8:32,1.23,0.987,5,1.23,0.987,5,PR3,Digitally collected PAR using underwater and surface sensors,RBR4,RBR #4 Maestro^3 Serial No 211417,SandilandsK,2024-05-10,iyaktubay,1
G06,VERTICAL ATTENUATION COEFFICIENTS - 1986 TO PRESENT,227 LA CB,2023-10-04,13:37,1.237,0.992,8,1.237,0.992,8,PR3,Digitally collected PAR using underwater and surface sensors,RBR4,RBR #4 Maestro^3 Serial No 211417,SandilandsK,2024-05-10,iyaktubay,1
G06,VERTICAL ATTENUATION COEFFICIENTS - 1986 TO PRESENT,227 LA CB,2023-10-31,13:20,1.775,0.999,4,1.775,0.999,4,PR2,Manually collected PAR using underwater sensor only,MA1,Manual underwater Licor PAR sensor (model LI192 Underwater Quantum Sensor),SandilandsK,2024-05-10,iyaktubay,1
G06,VERTICAL ATTENUATION COEFFICIENTS - 1986 TO PRESENT,227 LA CB,2024-05-06,15:19,1.392,0.998,7,1.392,0.998,7,PR2,Manually collected PAR using underwater sensor only,MA1,Manual underwater Licor PAR sensor (model LI192 Underwater Quantum Sensor),SandilandsK,2025-04-01,iyaktubay,1
G06,VERTICAL ATTENUATION COEFFICIENTS - 1986 TO PRESENT,227 LA CB,2024-05-22,8:25,1.085,0.992,7,1.085,0.992,7,PR2,Manually collected PAR using underwater sensor only,MA1,Manual underwater Licor PAR sensor (model LI192 Underwater Quantum Sensor),SandilandsK,2025-04-01,iyaktubay,1
G06,VERTICAL ATTENUATION COEFFICIENTS - 1986 TO PRESENT,227 LA CB,2024-06-05,9:24,1.235,0.997,6,1.179,0.986,7,PR2,Manually collected PAR using underwater sensor only,MA1,Manual underwater Licor PAR sensor (model LI192 Underwater Quantum Sensor),SandilandsK,2025-04-01,iyaktubay,1
G06,VERTICAL ATTENUATION COEFFICIENTS - 1986 TO PRESENT,227 LA CB,2024-06-13,8:32,1.027,0.994,7,1.027,0.994,7,PR2,Manually collected PAR using underwater sensor only,MA1,Manual underwater Licor PAR sensor (model LI192 Underwater Quantum Sensor),SandilandsK,2025-04-01,iyaktubay,1
G06,VERTICAL ATTENUATION COEFFICIENTS - 1986 TO PRESENT,227 LA CB,2024-06-19,8:19,1.156,0.999,6,1.324,0.974,7,PR2,Manually collected PAR using underwater sensor only,MA1,Manual underwater Licor PAR sensor (model LI192 Underwater Quantum Sensor),SandilandsK,2025-04-01,iyaktubay,1
G06,VERTICAL ATTENUATION COEFFICIENTS - 1986 TO PRESENT,227 LA CB,2024-07-03,8:30,2.194,0.975,4,2.194,0.975,4,PR2,Manually collected PAR using underwater sensor only,MA1,Manual underwater Licor PAR sensor (model LI192 Underwater Quantum Sensor),SandilandsK,2025-04-01,iyaktubay,1
G06,VERTICAL ATTENUATION COEFFICIENTS - 1986 TO PRESENT,227 LA CB,2024-07-17,8:29,2.206,0.992,5,2.206,0.992,5,PR2,Manually collected PAR using underwater sensor only,MA1,Manual underwater Licor PAR sensor (model LI192 Underwater Quantum Sensor),SandilandsK,2025-04-01,iyaktubay,1
G06,VERTICAL ATTENUATION COEFFICIENTS - 1986 TO PRESENT,227 LA CB,2024-07-31,8:34,1.575,0.995,6,1.575,0.995,6,PR2,Manually collected PAR using underwater sensor only,MA1,Manual underwater Licor PAR sensor (model LI192 Underwater Quantum Sensor),SandilandsK,2025-04-01,iyaktubay,1
G06,VERTICAL ATTENUATION COEFFICIENTS - 1986 TO PRESENT,227 LA CB,2024-08-14,8:48,1.486,0.993,7,1.486,0.993,7,PR2,Manually collected PAR using underwater sensor only,MA1,Manual underwater Licor PAR sensor (model LI192 Underwater Quantum Sensor),SandilandsK,2025-04-01,iyaktubay,1
G06,VERTICAL ATTENUATION COEFFICIENTS - 1986 TO PRESENT,227 LA CB,2024-08-28,8:23,1.575,0.997,6,1.575,0.997,6,PR2,Manually collected PAR using underwater sensor only,MA1,Manual underwater Licor PAR sensor (model LI192 Underwater Quantum Sensor),SandilandsK,2025-04-01,iyaktubay,1
G06,VERTICAL ATTENUATION COEFFICIENTS - 1986 TO PRESENT,227 LA CB,2024-09-11,8:37,1.257,0.999,5,1.257,0.999,5,PR2,Manually collected PAR using underwater sensor only,MA1,Manual underwater Licor PAR sensor (model LI192 Underwater Quantum Sensor),SandilandsK,2025-04-01,iyaktubay,1
G06,VERTICAL ATTENUATION COEFFICIENTS - 1986 TO PRESENT,227 LA CB,2024-09-25,8:28,1.578,0.998,6,1.578,0.998,6,PR2,Manually collected PAR using underwater sensor only,MA1,Manual underwater Licor PAR sensor (model LI192 Underwater Quantum Sensor),SandilandsK,2025-04-01,iyaktubay,1
G06,VERTICAL ATTENUATION COEFFICIENTS - 1986 TO PRESENT,227 LA CB,2024-10-09,8:37,1.826,0.999,4,1.825,0.98,5,PR2,Manually collected PAR using underwater sensor only,MA1,Manual underwater Licor PAR sensor (model LI192 Underwater Quantum Sensor),SandilandsK,2025-04-01,iyaktubay,1
G06,VERTICAL ATTENUATION COEFFICIENTS - 1986 TO PRESENT,227 LA CB,2024-11-05,14:05,2.037,0.998,5,2.037,0.998,5,PR2,Manually collected PAR using underwater sensor only,MA1,Manual underwater Licor PAR sensor (model LI192 Underwater Quantum Sensor),SandilandsK,2025-04-01,iyaktubay,1
G06,VERTICAL ATTENUATION COEFFICIENTS - 1986 TO PRESENT,239 LA CB,2023-06-06,7:36,0.777,0.991,7,0.777,0.991,7,PR3,Digitally collected PAR using underwater and surface sensors,RBR4,RBR #4 Maestro^3 Serial No 211417,SandilandsK,2024-05-10,iyaktubay,1
G06,VERTICAL ATTENUATION COEFFICIENTS - 1986 TO PRESENT,239 LA CB,2023-06-20,7:42,0.527,0.998,4,0.743,0.958,5,PR3,Digitally collected PAR using underwater and surface sensors,RBR4,RBR #4 Maestro^3 Serial No 211417,SandilandsK,2024-05-10,iyaktubay,1
G06,VERTICAL ATTENUATION COEFFICIENTS - 1986 TO PRESENT,239 LA CB,2023-07-05,8:12,0.528,0.987,6,0.528,0.987,6,PR3,Digitally collected PAR using underwater and surface sensors,RBR4,RBR #4 Maestro^3 Serial No 211417,SandilandsK,2024-05-10,iyaktubay,1
G06,VERTICAL ATTENUATION COEFFICIENTS - 1986 TO PRESENT,239 LA CB,2023-07-18,7:44,0.66,0.998,7,0.66,0.998,7,PR3,Digitally collected PAR using underwater and surface sensors,RBR4,RBR #4 Maestro^3 Serial No 211417,SandilandsK,2024-05-10,iyaktubay,1
G06,VERTICAL ATTENUATION COEFFICIENTS - 1986 TO PRESENT,239 LA CB,2023-08-01,7:50,0.635,0.995,8,0.635,0.995,8,PR3,Digitally collected PAR using underwater and surface sensors,RBR4,RBR #4 Maestro^3 Serial No 211417,SandilandsK,2024-05-10,iyaktubay,1
G06,VERTICAL ATTENUATION COEFFICIENTS - 1986 TO PRESENT,239 LA CB,2023-08-15,9:12,0.559,0.996,8,0.559,0.996,8,PR3,Digitally collected PAR using underwater and surface sensors,RBR4,RBR #4 Maestro^3 Serial No 211417,SandilandsK,2024-05-10,iyaktubay,1
G06,VERTICAL ATTENUATION COEFFICIENTS - 1986 TO PRESENT,239 LA CB,2023-08-29,9:06,0.597,0.993,8,0.597,0.993,8,PR3,Digitally collected PAR using underwater and surface sensors,RBR4,RBR #4 Maestro^3 Serial No 211417,SandilandsK,2024-05-10,iyaktubay,1
G06,VERTICAL ATTENUATION COEFFICIENTS - 1986 TO PRESENT,239 LA CB,2023-09-12,9:14,0.587,0.996,7,0.587,0.996,7,PR3,Digitally collected PAR using underwater and surface sensors,RBR4,RBR #4 Maestro^3 Serial No 211417,SandilandsK,2024-05-10,iyaktubay,1
G06,VERTICAL ATTENUATION COEFFICIENTS - 1986 TO PRESENT,239 LA CB,2023-09-26,8:58,0.637,0.992,8,0.637,0.992,8,PR3,Digitally collected PAR using underwater and surface sensors,RBR4,RBR #4 Maestro^3 Serial No 211417,SandilandsK,2024-05-10,iyaktubay,1
G06,VERTICAL ATTENUATION COEFFICIENTS - 1986 TO PRESENT,239 LA CB,2023-10-10,9:00,0.555,0.997,9,0.555,0.997,9,PR2,Manually collected PAR using underwater sensor only,MA1,Manual underwater Licor PAR sensor (model LI192 Underwater Quantum Sensor),SandilandsK,2024-05-10,iyaktubay,1
G06,VERTICAL ATTENUATION COEFFICIENTS - 1986 TO PRESENT,239 LA CB,2023-11-02,13:00,0.501,0.998,9,0.501,0.998,9,PR2,Manually collected PAR using underwater sensor only,MA1,Manual underwater Licor PAR sensor (model LI192 Underwater Quantum Sensor),SandilandsK,2024-05-10,iyaktubay,1
G06,VERTICAL ATTENUATION COEFFICIENTS - 1986 TO PRESENT,239 LA CB,2024-05-06,8:43,0.66,0.994,8,0.66,0.994,8,PR2,Manually collected PAR using underwater sensor only,MA1,Manual underwater Licor PAR sensor (model LI192 Underwater Quantum Sensor),SandilandsK,2025-04-01,iyaktubay,1
G06,VERTICAL ATTENUATION COEFFICIENTS - 1986 TO PRESENT,239 LA CB,2024-05-14,12:43,0.642,0.995,8,0.642,0.995,8,PR2,Manually collected PAR using underwater sensor only,MA1,Manual underwater Licor PAR sensor (model LI192 Underwater Quantum Sensor),SandilandsK,2025-04-01,iyaktubay,1
G06,VERTICAL ATTENUATION COEFFICIENTS - 1986 TO PRESENT,239 LA CB,2024-05-21,7:55,0.67,0.995,7,0.67,0.995,7,PR2,Manually collected PAR using underwater sensor only,MA1,Manual underwater Licor PAR sensor (model LI192 Underwater Quantum Sensor),SandilandsK,2025-04-01,iyaktubay,1
G06,VERTICAL ATTENUATION COEFFICIENTS - 1986 TO PRESENT,239 LA CB,2024-06-03,8:17,0.741,0.998,7,0.741,0.998,7,PR2,Manually collected PAR using underwater sensor only,MA1,Manual underwater Licor PAR sensor (model LI192 Underwater Quantum Sensor),SandilandsK,2025-04-01,iyaktubay,1
G06,VERTICAL ATTENUATION COEFFICIENTS - 1986 TO PRESENT,239 LA CB,2024-06-17,8:29,0.899,0.996,5,0.929,0.934,6,PR2,Manually collected PAR using underwater sensor only,MA1,Manual underwater Licor PAR sensor (model LI192 Underwater Quantum Sensor),SandilandsK,2025-04-01,iyaktubay,1
G06,VERTICAL ATTENUATION COEFFICIENTS - 1986 TO PRESENT,239 LA CB,2024-07-02,8:31,0.729,0.992,7,0.729,0.992,7,PR2,Manually collected PAR using underwater sensor only,MA1,Manual underwater Licor PAR sensor (model LI192 Underwater Quantum Sensor),SandilandsK,2025-04-01,iyaktubay,1
G06,VERTICAL ATTENUATION COEFFICIENTS - 1986 TO PRESENT,239 LA CB,2024-07-15,9:47,0.992,0.989,8,0.992,0.989,8,PR2,Manually collected PAR using underwater sensor only,MA1,Manual underwater Licor PAR sensor (model LI192 Underwater Quantum Sensor),SandilandsK,2025-04-01,iyaktubay,1
G06,VERTICAL ATTENUATION COEFFICIENTS - 1986 TO PRESENT,239 LA CB,2024-07-29,8:31,0.844,0.993,5,0.879,0.988,6,PR2,Manually collected PAR using underwater sensor only,MA1,Manual underwater Licor PAR sensor (model LI192 Underwater Quantum Sensor),SandilandsK,2025-04-01,iyaktubay,1
G06,VERTICAL ATTENUATION COEFFICIENTS - 1986 TO PRESENT,239 LA CB,2024-08-12,8:26,0.78,0.997,7,0.78,0.997,7,PR2,Manually collected PAR using underwater sensor only,MA1,Manual underwater Licor PAR sensor (model LI192 Underwater Quantum Sensor),SandilandsK,2025-04-01,iyaktubay,1
G06,VERTICAL ATTENUATION COEFFICIENTS - 1986 TO PRESENT,239 LA CB,2024-08-26,7:48,0.906,0.995,6,0.903,0.97,7,PR2,Manually collected PAR using underwater sensor only,MA1,Manual underwater Licor PAR sensor (model LI192 Underwater Quantum Sensor),SandilandsK,2025-04-01,iyaktubay,1
G06,VERTICAL ATTENUATION COEFFICIENTS - 1986 TO PRESENT,239 LA CB,2024-09-09,8:35,0.869,0.994,6,0.869,0.994,6,PR2,Manually collected PAR using underwater sensor only,MA1,Manual underwater Licor PAR sensor (model LI192 Underwater Quantum Sensor),SandilandsK,2025-04-01,iyaktubay,1
G06,VERTICAL ATTENUATION COEFFICIENTS - 1986 TO PRESENT,239 LA CB,2024-09-23,7:56,0.752,0.994,7,0.752,0.994,7,PR2,Manually collected PAR using underwater sensor only,MA1,Manual underwater Licor PAR sensor (model LI192 Underwater Quantum Sensor),SandilandsK,2025-04-01,iyaktubay,1
G06,VERTICAL ATTENUATION COEFFICIENTS - 1986 TO PRESENT,239 LA CB,2024-10-07,7:58,0.77,0.993,6,0.836,0.982,7,PR2,Manually collected PAR using underwater sensor only,MA1,Manual underwater Licor PAR sensor (model LI192 Underwater Quantum Sensor),SandilandsK,2025-04-01,iyaktubay,1
G06,VERTICAL ATTENUATION COEFFICIENTS - 1986 TO PRESENT,239 LA CB,2024-10-22,12:30,0.635,0.999,7,0.637,0.999,8,PR2,Manually collected PAR using underwater sensor only,MA1,Manual underwater Licor PAR sensor (model LI192 Underwater Quantum Sensor),SandilandsK,2025-04-01,iyaktubay,1
G06,VERTICAL ATTENUATION COEFFICIENTS - 1986 TO PRESENT,239 LA CB,2024-11-06,8:49,0.609,0.998,7,0.632,0.995,8,PR2,Manually collected PAR using underwater sensor only,MA1,Manual underwater Licor PAR sensor (model LI192 Underwater Quantum Sensor),SandilandsK,2025-04-01,iyaktubay,1
G06,VERTICAL ATTENUATION COEFFICIENTS - 1986 TO PRESENT,239 LA CB,2024-11-13,10:09,0.464,0.992,8,0.375,0.767,10,PR2,Manually collected PAR using underwater sensor only,MA1,Manual underwater Licor PAR sensor (model LI192 Underwater Quantum Sensor),SandilandsK,2025-04-01,iyaktubay,1
G06,VERTICAL ATTENUATION COEFFICIENTS - 1986 TO PRESENT,303 LA CB,2023-05-09,16:58,0.57,0.97,3,0.57,0.97,3,PR3,Digitally collected PAR using underwater and surface sensors,RBR3,RBR #3 Maestro^3 Serial No 211416,SandilandsK,2024-05-10,iyaktubay,1
G06,VERTICAL ATTENUATION COEFFICIENTS - 1986 TO PRESENT,303 LA CB,2023-06-05,10:42,1.077,0.976,5,1.077,0.976,5,PR3,Digitally collected PAR using underwater and surface sensors,RBR4,RBR #4 Maestro^3 Serial No 211417,SandilandsK,2024-05-10,iyaktubay,1
G06,VERTICAL ATTENUATION COEFFICIENTS - 1986 TO PRESENT,303 LA CB,2023-06-19,9:55,1.551,0.999,3,1.551,0.999,3,PR3,Digitally collected PAR using underwater and surface sensors,RBR4,RBR #4 Maestro^3 Serial No 211417,SandilandsK,2024-05-10,iyaktubay,1
G06,VERTICAL ATTENUATION COEFFICIENTS - 1986 TO PRESENT,303 LA CB,2023-07-04,10:05,1.705,0.999,3,1.705,0.999,3,PR3,Digitally collected PAR using underwater and surface sensors,RBR4,RBR #4 Maestro^3 Serial No 211417,SandilandsK,2024-05-10,iyaktubay,1
G06,VERTICAL ATTENUATION COEFFICIENTS - 1986 TO PRESENT,303 LA CB,2023-07-17,10:09,1.67,0.997,4,1.67,0.997,4,PR3,Digitally collected PAR using underwater and surface sensors,RBR4,RBR #4 Maestro^3 Serial No 211417,SandilandsK,2024-05-10,iyaktubay,1
G06,VERTICAL ATTENUATION COEFFICIENTS - 1986 TO PRESENT,303 LA CB,2023-07-31,10:06,1.807,0.998,3,1.807,0.998,3,PR3,Digitally collected PAR using underwater and surface sensors,RBR4,RBR #4 Maestro^3 Serial No 211417,SandilandsK,2024-05-10,iyaktubay,1
G06,VERTICAL ATTENUATION COEFFICIENTS - 1986 TO PRESENT,303 LA CB,2023-08-14,8:21,2.287,1,3,2.287,1,3,PR3,Digitally collected PAR using underwater and surface sensors,RBR4,RBR #4 Maestro^3 Serial No 211417,SandilandsK,2024-05-10,iyaktubay,1
G06,VERTICAL ATTENUATION COEFFICIENTS - 1986 TO PRESENT,303 LA CB,2023-08-28,8:16,1.675,0.997,3,1.675,0.997,3,PR3,Digitally collected PAR using underwater and surface sensors,RBR4,RBR #4 Maestro^3 Serial No 211417,SandilandsK,2024-05-10,iyaktubay,1
G06,VERTICAL ATTENUATION COEFFICIENTS - 1986 TO PRESENT,303 LA CB,2023-09-11,8:13,1.747,0.99,3,1.747,0.99,3,PR3,Digitally collected PAR using underwater and surface sensors,RBR4,RBR #4 Maestro^3 Serial No 211417,SandilandsK,2024-05-10,iyaktubay,1
G06,VERTICAL ATTENUATION COEFFICIENTS - 1986 TO PRESENT,303 LA CB,2023-09-25,8:35,1.803,0.961,3,1.803,0.961,3,PR3,Digitally collected PAR using underwater and surface sensors,RBR4,RBR #4 Maestro^3 Serial No 211417,SandilandsK,2024-05-10,iyaktubay,1
G06,VERTICAL ATTENUATION COEFFICIENTS - 1986 TO PRESENT,303 LA CB,2023-10-10,8:04,2.276,1,3,2.276,1,3,PR3,Digitally collected PAR using underwater and surface sensors,RBR4,RBR #4 Maestro^3 Serial No 211417,SandilandsK,2024-05-10,iyaktubay,1
G06,VERTICAL ATTENUATION COEFFICIENTS - 1986 TO PRESENT,303 LA CB,2023-10-30,11:28,1.197,0.975,5,1.197,0.975,5,PR3,Digitally collected PAR using underwater and surface sensors,RBR4,RBR #4 Maestro^3 Serial No 211417,SandilandsK,2024-05-10,iyaktubay,1
G06,VERTICAL ATTENUATION COEFFICIENTS - 1986 TO PRESENT,303 LA CB,2024-05-08,9:57,0.927,0.998,4,0.854,0.953,5,PR2,Manually collected PAR using underwater sensor only,MA1,Manual underwater Licor PAR sensor (model LI192 Underwater Quantum Sensor),SandilandsK,2025-04-01,iyaktubay,1
G06,VERTICAL ATTENUATION COEFFICIENTS - 1986 TO PRESENT,303 LA CB,2024-05-21,9:49,1.045,0.977,4,1.045,0.977,4,PR2,Manually collected PAR using underwater sensor only,MA1,Manual underwater Licor PAR sensor (model LI192 Underwater Quantum Sensor),SandilandsK,2025-04-01,iyaktubay,1
G06,VERTICAL ATTENUATION COEFFICIENTS - 1986 TO PRESENT,303 LA CB,2024-06-05,14:19,2.156,0.999,4,2.156,0.999,4,PR2,Manually collected PAR using underwater sensor only,MA1,Manual underwater Licor PAR sensor (model LI192 Underwater Quantum Sensor),SandilandsK,2025-04-01,iyaktubay,1
G06,VERTICAL ATTENUATION COEFFICIENTS - 1986 TO PRESENT,303 LA CB,2024-06-18,13:25,2.234,0.983,4,2.234,0.983,4,PR2,Manually collected PAR using underwater sensor only,MA1,Manual underwater Licor PAR sensor (model LI192 Underwater Quantum Sensor),SandilandsK,2025-04-01,iyaktubay,1
G06,VERTICAL ATTENUATION COEFFICIENTS - 1986 TO PRESENT,303 LA CB,2024-07-02,9:45,1.57,0.999,5,1.57,0.999,5,PR2,Manually collected PAR using underwater sensor only,MA1,Manual underwater Licor PAR sensor (model LI192 Underwater Quantum Sensor),SandilandsK,2025-04-01,iyaktubay,1
G06,VERTICAL ATTENUATION COEFFICIENTS - 1986 TO PRESENT,303 LA CB,2024-07-16,12:59,1.548,0.999,3,1.476,0.969,4,PR2,Manually collected PAR using underwater sensor only,MA1,Manual underwater Licor PAR sensor (model LI192 Underwater Quantum Sensor),SandilandsK,2025-04-01,iyaktubay,1
G06,VERTICAL ATTENUATION COEFFICIENTS - 1986 TO PRESENT,303 LA CB,2024-07-30,10:05,1.034,0.999,4,1.034,0.999,4,PR2,Manually collected PAR using underwater sensor only,MA1,Manual underwater Licor PAR sensor (model LI192 Underwater Quantum Sensor),SandilandsK,2025-04-01,iyaktubay,1
G06,VERTICAL ATTENUATION COEFFICIENTS - 1986 TO PRESENT,303 LA CB,2024-08-13,11:06,1.678,0.994,4,1.678,0.994,4,PR2,Manually collected PAR using underwater sensor only,MA1,Manual underwater Licor PAR sensor (model LI192 Underwater Quantum Sensor),SandilandsK,2025-04-01,iyaktubay,1
G06,VERTICAL ATTENUATION COEFFICIENTS - 1986 TO PRESENT,303 LA CB,2024-08-27,9:51,2.092,0.998,4,2.092,0.998,4,PR2,Manually collected PAR using underwater sensor only,MA1,Manual underwater Licor PAR sensor (model LI192 Underwater Quantum Sensor),SandilandsK,2025-04-01,iyaktubay,1
G06,VERTICAL ATTENUATION COEFFICIENTS - 1986 TO PRESENT,303 LA CB,2024-09-10,9:57,1.247,0.996,4,1.247,0.996,4,PR2,Manually collected PAR using underwater sensor only,MA1,Manual underwater Licor PAR sensor (model LI192 Underwater Quantum Sensor),SandilandsK,2025-04-01,iyaktubay,1
G06,VERTICAL ATTENUATION COEFFICIENTS - 1986 TO PRESENT,303 LA CB,2024-09-24,9:45,1.692,0.999,4,1.692,0.999,4,PR2,Manually collected PAR using underwater sensor only,MA1,Manual underwater Licor PAR sensor (model LI192 Underwater Quantum Sensor),SandilandsK,2025-04-01,iyaktubay,1
G06,VERTICAL ATTENUATION COEFFICIENTS - 1986 TO PRESENT,303 LA CB,2024-10-08,9:49,1.288,0.999,4,1.288,0.999,4,PR2,Manually collected PAR using underwater sensor only,MA1,Manual underwater Licor PAR sensor (model LI192 Underwater Quantum Sensor),SandilandsK,2025-04-01,iyaktubay,1
G06,VERTICAL ATTENUATION COEFFICIENTS - 1986 TO PRESENT,303 LA CB,2024-10-28,10:14,1.349,0.963,3,1.159,0.717,4,PR2,Manually collected PAR using underwater sensor only,MA1,Manual underwater Licor PAR sensor (model LI192 Underwater Quantum Sensor),SandilandsK,2025-04-01,iyaktubay,1
G06,VERTICAL ATTENUATION COEFFICIENTS - 1986 TO PRESENT,304 LA CB,2023-05-09,14:53,1.162,0.996,4,1.162,0.996,4,PR3,Digitally collected PAR using underwater and surface sensors,RBR3,RBR #3 Maestro^3 Serial No 211416,SandilandsK,2024-05-10,iyaktubay,1
G06,VERTICAL ATTENUATION COEFFICIENTS - 1986 TO PRESENT,304 LA CB,2023-06-05,8:22,0.948,0.988,5,0.948,0.988,5,PR3,Digitally collected PAR using underwater and surface sensors,RBR4,RBR #4 Maestro^3 Serial No 211417,SandilandsK,2024-05-10,iyaktubay,1
G06,VERTICAL ATTENUATION COEFFICIENTS - 1986 TO PRESENT,304 LA CB,2023-06-19,8:10,1.227,0.996,5,1.227,0.996,5,PR3,Digitally collected PAR using underwater and surface sensors,RBR4,RBR #4 Maestro^3 Serial No 211417,SandilandsK,2024-05-10,iyaktubay,1
G06,VERTICAL ATTENUATION COEFFICIENTS - 1986 TO PRESENT,304 LA CB,2023-07-04,8:16,0.919,0.949,4,0.919,0.949,4,PR3,Digitally collected PAR using underwater and surface sensors,RBR4,RBR #4 Maestro^3 Serial No 211417,SandilandsK,2024-05-10,iyaktubay,1
G06,VERTICAL ATTENUATION COEFFICIENTS - 1986 TO PRESENT,304 LA CB,2023-07-17,8:04,1.234,0.994,5,1.234,0.994,5,PR3,Digitally collected PAR using underwater and surface sensors,RBR4,RBR #4 Maestro^3 Serial No 211417,SandilandsK,2024-05-10,iyaktubay,1
G06,VERTICAL ATTENUATION COEFFICIENTS - 1986 TO PRESENT,304 LA CB,2023-07-31,8:09,1.09,0.983,5,1.09,0.983,5,PR3,Digitally collected PAR using underwater and surface sensors,RBR4,RBR #4 Maestro^3 Serial No 211417,SandilandsK,2024-05-10,iyaktubay,1
G06,VERTICAL ATTENUATION COEFFICIENTS - 1986 TO PRESENT,304 LA CB,2023-08-14,9:27,2.13,1,3,1.518,0.932,4,PR3,Digitally collected PAR using underwater and surface sensors,RBR4,RBR #4 Maestro^3 Serial No 211417,SandilandsK,2024-05-10,iyaktubay,1
G06,VERTICAL ATTENUATION COEFFICIENTS - 1986 TO PRESENT,304 LA CB,2023-08-28,9:35,0.904,0.949,4,0.904,0.949,4,PR3,Digitally collected PAR using underwater and surface sensors,RBR4,RBR #4 Maestro^3 Serial No 211417,SandilandsK,2024-05-10,iyaktubay,1
G06,VERTICAL ATTENUATION COEFFICIENTS - 1986 TO PRESENT,304 LA CB,2023-09-11,9:36,1.581,0.993,4,1.581,0.993,4,PR3,Digitally collected PAR using underwater and surface sensors,RBR4,RBR #4 Maestro^3 Serial No 211417,SandilandsK,2024-05-10,iyaktubay,1
G06,VERTICAL ATTENUATION COEFFICIENTS - 1986 TO PRESENT,304 LA CB,2023-09-25,9:56,2.25,0.985,3,2.25,0.985,3,PR3,Digitally collected PAR using underwater and surface sensors,RBR4,RBR #4 Maestro^3 Serial No 211417,SandilandsK,2024-05-10,iyaktubay,1
G06,VERTICAL ATTENUATION COEFFICIENTS - 1986 TO PRESENT,304 LA CB,2023-10-10,9:35,1.623,0.995,4,1.623,0.995,4,PR3,Digitally collected PAR using underwater and surface sensors,RBR4,RBR #4 Maestro^3 Serial No 211417,SandilandsK,2024-05-10,iyaktubay,1
G06,VERTICAL ATTENUATION COEFFICIENTS - 1986 TO PRESENT,304 LA CB,2023-10-30,8:40,1.319,0.997,4,1.319,0.997,4,PR3,Digitally collected PAR using underwater and surface sensors,RBR4,RBR #4 Maestro^3 Serial No 211417,SandilandsK,2024-05-10,iyaktubay,1
G06,VERTICAL ATTENUATION COEFFICIENTS - 1986 TO PRESENT,304 LA CB,2024-05-08,8:03,1.279,0.996,8,1.341,0.992,9,PR2,Manually collected PAR using underwater sensor only,MA1,Manual underwater Licor PAR sensor (model LI192 Underwater Quantum Sensor),SandilandsK,2025-04-01,iyaktubay,1
G06,VERTICAL ATTENUATION COEFFICIENTS - 1986 TO PRESENT,304 LA CB,2024-05-21,8:07,1.152,0.997,6,1.152,0.997,6,PR2,Manually collected PAR using underwater sensor only,MA1,Manual underwater Licor PAR sensor (model LI192 Underwater Quantum Sensor),SandilandsK,2025-04-01,iyaktubay,1
G06,VERTICAL ATTENUATION COEFFICIENTS - 1986 TO PRESENT,304 LA CB,2024-06-04,8:08,1.268,0.994,7,1.268,0.994,7,PR2,Manually collected PAR using underwater sensor only,MA1,Manual underwater Licor PAR sensor (model LI192 Underwater Quantum Sensor),SandilandsK,2025-04-01,iyaktubay,1
G06,VERTICAL ATTENUATION COEFFICIENTS - 1986 TO PRESENT,304 LA CB,2024-06-18,12:48,1.425,0.97,5,1.425,0.97,5,PR2,Manually collected PAR using underwater sensor only,MA1,Manual underwater Licor PAR sensor (model LI192 Underwater Quantum Sensor),SandilandsK,2025-04-01,iyaktubay,1
G06,VERTICAL ATTENUATION COEFFICIENTS - 1986 TO PRESENT,304 LA CB,2024-07-02,8:08,1.68,0.994,5,1.68,0.994,5,PR2,Manually collected PAR using underwater sensor only,MA1,Manual underwater Licor PAR sensor (model LI192 Underwater Quantum Sensor),SandilandsK,2025-04-01,iyaktubay,1
G06,VERTICAL ATTENUATION COEFFICIENTS - 1986 TO PRESENT,304 LA CB,2024-07-16,8:28,1.822,0.991,4,1.378,0.597,5,PR2,Manually collected PAR using underwater sensor only,MA1,Manual underwater Licor PAR sensor (model LI192 Underwater Quantum Sensor),SandilandsK,2025-04-01,iyaktubay,1
G06,VERTICAL ATTENUATION COEFFICIENTS - 1986 TO PRESENT,304 LA CB,2024-07-30,8:10,1.639,0.993,5,1.639,0.993,5,PR2,Manually collected PAR using underwater sensor only,MA1,Manual underwater Licor PAR sensor (model LI192 Underwater Quantum Sensor),SandilandsK,2025-04-01,iyaktubay,1
G06,VERTICAL ATTENUATION COEFFICIENTS - 1986 TO PRESENT,304 LA CB,2024-08-13,8:21,1.608,1,5,1.608,1,5,PR2,Manually collected PAR using underwater sensor only,MA1,Manual underwater Licor PAR sensor (model LI192 Underwater Quantum Sensor),SandilandsK,2025-04-01,iyaktubay,1
G06,VERTICAL ATTENUATION COEFFICIENTS - 1986 TO PRESENT,304 LA CB,2024-08-27,8:04,1.71,0.995,5,1.71,0.995,5,PR2,Manually collected PAR using underwater sensor only,MA1,Manual underwater Licor PAR sensor (model LI192 Underwater Quantum Sensor),SandilandsK,2025-04-01,iyaktubay,1
G06,VERTICAL ATTENUATION COEFFICIENTS - 1986 TO PRESENT,304 LA CB,2024-09-10,8:16,2.032,0.975,5,2.032,0.975,5,PR2,Manually collected PAR using underwater sensor only,MA1,Manual underwater Licor PAR sensor (model LI192 Underwater Quantum Sensor),SandilandsK,2025-04-01,iyaktubay,1
G06,VERTICAL ATTENUATION COEFFICIENTS - 1986 TO PRESENT,304 LA CB,2024-09-24,7:55,1.492,0.997,5,1.492,0.997,5,PR2,Manually collected PAR using underwater sensor only,MA1,Manual underwater Licor PAR sensor (model LI192 Underwater Quantum Sensor),SandilandsK,2025-04-01,iyaktubay,1
G06,VERTICAL ATTENUATION COEFFICIENTS - 1986 TO PRESENT,304 LA CB,2024-10-08,8:12,1.386,0.99,5,1.336,0.91,6,PR2,Manually collected PAR using underwater sensor only,MA1,Manual underwater Licor PAR sensor (model LI192 Underwater Quantum Sensor),SandilandsK,2025-04-01,iyaktubay,1
G06,VERTICAL ATTENUATION COEFFICIENTS - 1986 TO PRESENT,304 LA CB,2024-10-28,8:38,2.242,0.998,4,2.242,0.998,4,PR2,Manually collected PAR using underwater sensor only,MA1,Manual underwater Licor PAR sensor (model LI192 Underwater Quantum Sensor),SandilandsK,2025-04-01,iyaktubay,1
