dataset_code,dataset_name,project_name,monitoring_location_name,year,date,start_time,sample_num,profile_id,air_temperature,wind_speed_lower,wind_speed_upper,wind_direction,cloud_cover,water_colour_secondary,water_colour_dominant,field_epilimnion,calculated_epilimnion,false_epilimnion,secchi_depth,plan_therm_depth,epi_sample_start,epi_sample_end,met_sample_start,met_sample_end,wave_height_upper,wave_height_lower,epi_end_defn,chem_profile_done,method_sample_code,method_sample_desc,gear_type_code,gear_type_desc,collection_authority_userid,collected_by,comments,update_date,account,version
GC1,FIELD OBSERVATIONS (FIELD CREW) - ELA,,114 LA CB,2023,2023-01-18,10:20,,,-14.0,,,,10,,,,,,,,,,,,,,,No,X03,"FIELD OBSERVATION PROCEDURES, 1993 ONWARD - ELA",RBR1,RBR #1 XRX620 Serial No 18018,SandilandsK,LEH-MH,samples collected on end of metre stick,2024-04-24,chay,1
GC1,FIELD OBSERVATIONS (FIELD CREW) - ELA,,114 LA CB,2023,2023-03-13,14:53,,,0.0,,,,0,,,,,,,,,,,,,,,No,X03,"FIELD OBSERVATION PROCEDURES, 1993 ONWARD - ELA",RBR2,RBR #2 XRX620 Serial No 18033,SandilandsK,PMF-MH,zoop abundance 0-2 m 2 hauls. 1 m sample with metre stick,2024-04-24,chay,1
GC1,FIELD OBSERVATIONS (FIELD CREW) - ELA,,114 LA CB,2023,2023-05-17,08:27,,[114 LA CB] [2023-05-17],12.5,3.3,8.1,W,7,Brown,Yellow,2.50,2.50,,2.25,3.38,0.00,2.00,2.50,4.00,5,1,,No,X03,"FIELD OBSERVATION PROCEDURES, 1993 ONWARD - ELA",RBR3,RBR #3 Maestro^3 Serial No 211416,SandilandsK,PFM-E,"High altitude smoke
Hit bottom before getting 1% light",2025-03-14,iyaktubay,3
GC1,FIELD OBSERVATIONS (FIELD CREW) - ELA,,114 LA CB,2023,2023-05-30,08:26,,[114 LA CB] [2023-05-30],23.2,0.0,11.1,WNW,8,Yellow,Brown,2.75,2.77,,2.00,3.38,0.00,2.25,3.25,4.00,5,1,,No,X03,"FIELD OBSERVATION PROCEDURES, 1993 ONWARD - ELA",RBR2,RBR #2 XRX620 Serial No 18033,SandilandsK,MEZ-A,Hit bottom before 1% light,2025-03-14,iyaktubay,3
GC1,FIELD OBSERVATIONS (FIELD CREW) - ELA,,114 LA CB,2023,2023-06-13,07:57,,[114 LA CB] [2023-06-13],22.1,,,,0,Yellow,Green,3.00,3.76,3.05,2.25,4.14,0.00,2.50,3.00,4.00,0,0,,No,X03,"FIELD OBSERVATION PROCEDURES, 1993 ONWARD - ELA",RBR2,RBR #2 XRX620 Serial No 18033,SandilandsK,PFZ-A,,2025-03-14,iyaktubay,3
GC1,FIELD OBSERVATIONS (FIELD CREW) - ELA,,114 LA CB,2023,2023-06-27,09:17,,[114 LA CB] [2023-06-27],18.6,0.0,1.5,N,10,Yellow,Green,,2.01,,2.25,2.12,0.00,3.50,,,0,0,,No,X03,"FIELD OBSERVATION PROCEDURES, 1993 ONWARD - ELA",RBR2,RBR #2 XRX620 Serial No 18033,SandilandsK,PF-KS,"false epi shown in temperature data
no meta sample ",2025-03-14,iyaktubay,3
GC1,FIELD OBSERVATIONS (FIELD CREW) - ELA,,114 LA CB,2023,2023-07-11,08:00,,,14.7,7.8,11.9,W,2,pale,Yellow,,,,1.75,,0.00,4.00,,,5,1,,No,X03,"FIELD OBSERVATION PROCEDURES, 1993 ONWARD - ELA",RBR4,RBR #4 Maestro^3 Serial No 211417,SandilandsK,LNT-ME,No metalimnion present. ,2024-04-24,chay,1
GC1,FIELD OBSERVATIONS (FIELD CREW) - ELA,,114 LA CB,2023,2023-07-25,09:15,,[114 LA CB] [2023-07-25],21.8,3.0,6.6,W,10,Green,Brown,3.25,3.52,,2.50,3.88,0.00,2.75,3.25,3.75,5,1,,No,X03,"FIELD OBSERVATION PROCEDURES, 1993 ONWARD - ELA",RBR2,RBR #2 XRX620 Serial No 18033,SandilandsK,LNT-PF,,2025-03-14,iyaktubay,3
GC1,FIELD OBSERVATIONS (FIELD CREW) - ELA,,114 LA CB,2023,2023-08-09,09:45,,[114 LA CB] [2023-08-09],18.9,2.5,9.8,WSW,8,Green,Yellow,4.25,4.01,,2.50,4.25,0.00,3.75,,,5,1,,No,X03,"FIELD OBSERVATION PROCEDURES, 1993 ONWARD - ELA",RBR4,RBR #4 Maestro^3 Serial No 211417,SandilandsK,PF-ZA,thermal epi recorded here as 4.25 but last recorded stable temperature in field book was 4.  ,2025-03-14,iyaktubay,3
GC1,FIELD OBSERVATIONS (FIELD CREW) - ELA,,114 LA CB,2023,2023-08-22,09:16,,,16.6,5.5,9.0,N,10,Yellow,Green,,,,2.50,,0.00,3.50,,,0,0,,No,X03,"FIELD OBSERVATION PROCEDURES, 1993 ONWARD - ELA",RBR2,RBR #2 XRX620 Serial No 18033,SandilandsK,KS-ME,,2024-04-24,chay,1
GC1,FIELD OBSERVATIONS (FIELD CREW) - ELA,,114 LA CB,2023,2023-09-06,13:35,,,16.5,3.9,7.0,NNW,10,Yellow,Green,,,,1.75,,0.00,3.50,,,5,1,,No,X03,"FIELD OBSERVATION PROCEDURES, 1993 ONWARD - ELA",RBR2,RBR #2 XRX620 Serial No 18033,SandilandsK,KS-LM,,2024-04-24,chay,1
GC1,FIELD OBSERVATIONS (FIELD CREW) - ELA,,114 LA CB,2023,2023-09-19,08:50,,,16.5,0.0,9.8,W,5,pale,Green,,,,1.50,,0.00,4.00,,,5,1,,No,X03,"FIELD OBSERVATION PROCEDURES, 1993 ONWARD - ELA",RBR2,RBR #2 XRX620 Serial No 18033,SandilandsK,ME-KS,No meta therefore meta sample wasn't taken. 1% light wasn't reached before the bottom at 4.5.,2024-04-24,chay,1
GC1,FIELD OBSERVATIONS (FIELD CREW) - ELA,,114 LA CB,2023,2023-10-04,09:48,,[114 LA CB] [2023-10-04],13.0,1.6,7.6,WSW,10,Green,Yellow,4.00,3.99,,2.25,4.13,0.00,3.50,,,5,1,,No,X03,"FIELD OBSERVATION PROCEDURES, 1993 ONWARD - ELA",RBR2,RBR #2 XRX620 Serial No 18033,SandilandsK,PF-ME,,2025-03-14,iyaktubay,3
GC1,FIELD OBSERVATIONS (FIELD CREW) - ELA,,114 LA CB,2023,2023-10-31,10:08,,,0.0,1.2,4.6,W,9,Yellow,Green,,,,2.00,,0.00,4.00,,,0,0,,No,X03,"FIELD OBSERVATION PROCEDURES, 1993 ONWARD - ELA",RBR4,RBR #4 Maestro^3 Serial No 211417,SandilandsK,LM-ME,Ice along the shallow areas near shore. Zoop samples not taken at the stations that were frozen. Epi sample taken as close to bottom as possible. ,2024-04-24,chay,1
GC1,FIELD OBSERVATIONS (FIELD CREW) - ELA,,114 LA CB,2024,2024-01-08,16:12,,,-11.0,,,,10,,,,,,,,,,,,,,,No,X03,"FIELD OBSERVATION PROCEDURES, 1993 ONWARD - ELA",RBR4,RBR #4 Maestro^3 Serial No 211417,SandilandsK,LEH-KS,1 m sample collected on end of shovel handle,2024-04-24,chay,1
GC1,FIELD OBSERVATIONS (FIELD CREW) - ELA,,114 LA CB,2024,2024-03-20,09:47,,,-17.0,,,,0,,,,,,,,,,,,,,,No,X03,"FIELD OBSERVATION PROCEDURES, 1993 ONWARD - ELA",RBR2,RBR #2 XRX620 Serial No 18033,SandilandsK,PMF-AG,collected 1 m sample using metre stick,2024-04-24,chay,1
GC1,FIELD OBSERVATIONS (FIELD CREW) - ELA,,114 LA CB,2024,2024-05-07,09:13,,[114 LA CB] [2024-05-07],14.5,10.0,15.0,N,8,Yellow,Green,3.25,3.23,0.65,2.75,3.61,0.00,2.75,3.25,3.75,10,5,,Yes,X03,"FIELD OBSERVATION PROCEDURES, 1993 ONWARD - ELA",RBR3,RBR #3 Maestro^3 Serial No 211416,SandilandsK,KS-PF,Meta to 3.75 to avoid mud,2025-03-14,iyaktubay,2
GC1,FIELD OBSERVATIONS (FIELD CREW) - ELA,,114 LA CB,2024,2024-05-21,09:40,,,15.2,4.3,7.1,NNE,10,pale,Yellow,4.00,,,2.25,,0.00,3.50,,,0,0,,No,X03,"FIELD OBSERVATION PROCEDURES, 1993 ONWARD - ELA",RBR3,RBR #3 Maestro^3 Serial No 211416,SandilandsK,KS-TD,No meta sample taken - too shallow,2025-02-18,chay,1
GC1,FIELD OBSERVATIONS (FIELD CREW) - ELA,,114 LA CB,2024,2024-06-05,13:07,,[114 LA CB] [2024-06-05],21.0,10.3,2.3,SW,4,Green,Yellow,2.00,2.01,0.64,1.75,2.14,0.00,1.50,2.00,4.00,10,5,,No,X03,"FIELD OBSERVATION PROCEDURES, 1993 ONWARD - ELA",RBR4,RBR #4 Maestro^3 Serial No 211417,SandilandsK,KS-PF,Sampled today due to a thunderstorm yesterday,2025-03-14,iyaktubay,2
GC1,FIELD OBSERVATIONS (FIELD CREW) - ELA,MULTIPLE PROJECTS OR UNIMPORTANT WHICH PROJECT,114 LA CB,2024,2024-06-13,13:03,,[114 LA CB] [2024-06-13],,,,,,,,,1.50,,,1.63,,,,,,,,,LP3,Limnology profile sampling via multiparameter probe (not just temp and oxygen),RBR3,RBR #3 Maestro^3 Serial No 211416,SandilandsK,hydrolim crew,"Thermocline, thermal epilimnion, and false epilimnion depths were calculated using FME workbench and the profile associated with the profile_id column.",2025-03-14,iyaktubay,1
GC1,FIELD OBSERVATIONS (FIELD CREW) - ELA,,114 LA CB,2024,2024-06-17,10:06,,[114 LA CB] [2024-06-17],16.6,1.6,5.3,W,,Yellow,Brown,4.25,4.26,,3.00,4.39,0.00,4.00,,,10,5,,No,X03,"FIELD OBSERVATION PROCEDURES, 1993 ONWARD - ELA",RBR4,RBR #4 Maestro^3 Serial No 211417,SandilandsK,PF-TD,,2025-03-14,iyaktubay,2
GC1,FIELD OBSERVATIONS (FIELD CREW) - ELA,,114 LA CB,2024,2024-07-02,10:28,,[114 LA CB] [2024-07-02],17.1,1.8,9.8,W,10,Orange,Yellow,,0.95,,1.75,1.04,0.00,4.25,,,0,0,,No,X03,"FIELD OBSERVATION PROCEDURES, 1993 ONWARD - ELA",RBR3,RBR #3 Maestro^3 Serial No 211416,SandilandsK,KS-TD,,2025-03-14,iyaktubay,2
GC1,FIELD OBSERVATIONS (FIELD CREW) - ELA,MULTIPLE PROJECTS OR UNIMPORTANT WHICH PROJECT,114 LA CB,2024,2024-07-11,08:09,,[114 LA CB] [2024-07-11],,,,,,,,,1.53,,,1.58,,,,,,,,,LP3,Limnology profile sampling via multiparameter probe (not just temp and oxygen),RBR3,RBR #3 Maestro^3 Serial No 211416,SandilandsK,hydrolim crew,"Thermocline, thermal epilimnion, and false epilimnion depths were calculated using FME workbench and the profile associated with the profile_id column.",2025-03-14,iyaktubay,1
GC1,FIELD OBSERVATIONS (FIELD CREW) - ELA,,114 LA CB,2024,2024-07-16,09:13,,[114 LA CB] [2024-07-16],19.5,0.0,4.4,NW,9,Orange,Yellow,3.00,3.01,,2.00,3.38,0.00,2.50,3.00,3.75,,,,No,X03,"FIELD OBSERVATION PROCEDURES, 1993 ONWARD - ELA",RBR4,RBR #4 Maestro^3 Serial No 211417,SandilandsK,KS-PF,,2025-03-14,iyaktubay,2
GC1,FIELD OBSERVATIONS (FIELD CREW) - ELA,,114 LA CB,2024,2024-07-30,08:56,,[114 LA CB] [2024-07-30],23.2,,,,0,Green,Yellow,3.25,3.25,1.02,2.25,4.40,0.00,2.75,3.25,4.00,0,0,,No,X03,"FIELD OBSERVATION PROCEDURES, 1993 ONWARD - ELA",RBR3,RBR #3 Maestro^3 Serial No 211416,SandilandsK,KS-LNT,,2025-03-14,iyaktubay,2
GC1,FIELD OBSERVATIONS (FIELD CREW) - ELA,,114 LA CB,2024,2024-08-13,09:20,,[114 LA CB] [2024-08-13],25.1,,,,0,Green,Yellow,2.00,1.65,,3.00,1.83,0.00,1.50,2.00,3.50,0,0,,No,X03,"FIELD OBSERVATION PROCEDURES, 1993 ONWARD - ELA",RBR3,RBR #3 Maestro^3 Serial No 211416,SandilandsK,LNT-AG,,2025-03-14,iyaktubay,2
GC1,FIELD OBSERVATIONS (FIELD CREW) - ELA,,114 LA CB,2024,2024-08-27,09:10,,[114 LA CB] [2024-08-27],17.7,6.6,11.2,N,8,Green,Yellow,3.75,3.75,0.99,2.50,4.13,0.00,3.25,3.75,4.00,5,1,,No,X03,"FIELD OBSERVATION PROCEDURES, 1993 ONWARD - ELA",RBR3,RBR #3 Maestro^3 Serial No 211416,SandilandsK,KS-CM,,2025-03-14,iyaktubay,2
GC1,FIELD OBSERVATIONS (FIELD CREW) - ELA,,114 LA CB,2024,2024-09-10,09:45,,[114 LA CB] [2024-09-10],22.1,4.2,9.6,SW,8,Yellow,Green,,2.76,0.65,2.75,2.89,0.00,4.00,,,0,0,,No,X03,"FIELD OBSERVATION PROCEDURES, 1993 ONWARD - ELA",RBR3,RBR #3 Maestro^3 Serial No 211416,SandilandsK,KS-EB,,2025-03-14,iyaktubay,2
GC1,FIELD OBSERVATIONS (FIELD CREW) - ELA,,114 LA CB,2024,2024-09-24,09:21,,[114 LA CB] [2024-09-24],14.9,3.4,9.4,W,9,Yellow,Green,,0.49,,3.25,0.57,0.00,3.75,,,5,1,,No,X03,"FIELD OBSERVATION PROCEDURES, 1993 ONWARD - ELA",RBR3,RBR #3 Maestro^3 Serial No 211416,SandilandsK,PF-AS,Downloaded temperature logger and swapped in a new one due to battery issues,2025-03-14,iyaktubay,2
GC1,FIELD OBSERVATIONS (FIELD CREW) - ELA,,114 LA CB,2024,2024-10-08,09:22,,[114 LA CB] [2024-10-08],9.4,,,,1,Green,Yellow,,0.95,,3.25,1.05,0.00,4.00,,,0,0,,No,X03,"FIELD OBSERVATION PROCEDURES, 1993 ONWARD - ELA",RBR3,RBR #3 Maestro^3 Serial No 211416,SandilandsK,PF-KN,,2025-03-14,iyaktubay,2
GC1,FIELD OBSERVATIONS (FIELD CREW) - ELA,,114 LA CB,2024,2024-10-28,08:21,,[114 LA CB] [2024-10-28],7.5,0.0,6.4,WNW,3,Green,Yellow,,2.11,,3.00,2.30,0.00,4.00,,,0,0,,No,X03,"FIELD OBSERVATION PROCEDURES, 1993 ONWARD - ELA",RBR4,RBR #4 Maestro^3 Serial No 211417,SandilandsK,LNT-TD,,2025-03-14,iyaktubay,2
GC1,FIELD OBSERVATIONS (FIELD CREW) - ELA,,227 LA CB,2023,2023-01-18,09:24,,,-14.0,,,,10,,,,,,,,,,,,,,,Yes,X03,"FIELD OBSERVATION PROCEDURES, 1993 ONWARD - ELA",RBR2,RBR #2 XRX620 Serial No 18033,SandilandsK,LEH-PF,samples @9.75m. abund 0 - 8.25 m. CG collected water @ 8 m,2024-04-24,chay,1
GC1,FIELD OBSERVATIONS (FIELD CREW) - ELA,,227 LA CB,2023,2023-03-15,10:00,,,-2.0,,,,9,,,,,,,,,,,,,,,Yes,X03,"FIELD OBSERVATION PROCEDURES, 1993 ONWARD - ELA",RBR2,RBR #2 XRX620 Serial No 18033,SandilandsK,LDH-PF,"mystery 2 m hump, hit ""bottom"" at 7.5 m near Cb, moved over to sample to true bottom at 9.5 m. sample taken at 9.5m",2024-04-24,chay,1
GC1,FIELD OBSERVATIONS (FIELD CREW) - ELA,,227 LA CB,2023,2023-05-15,13:28,,[227 LA CB] [2023-05-15],24.8,1.9,6.0,SW,0,Brown,Yellow,0.75,0.76,,1.25,1.12,0.00,0.25,0.75,4.00,0,0,,Yes,X03,"FIELD OBSERVATION PROCEDURES, 1993 ONWARD - ELA",RBR3,RBR #3 Maestro^3 Serial No 211416,SandilandsK,PFM-E,High altitude smoke,2025-03-14,iyaktubay,3
GC1,FIELD OBSERVATIONS (FIELD CREW) - ELA,,227 LA CB,2023,2023-05-31,07:41,,[227 LA CB] [2023-05-31],24.5,,,,0,Green,Yellow,1.25,1.28,0.05,1.75,2.41,0.00,0.75,1.25,5.00,0,0,,No,X03,"FIELD OBSERVATION PROCEDURES, 1993 ONWARD - ELA",RBR2,RBR #2 XRX620 Serial No 18033,SandilandsK,LNT-KS,,2025-03-14,iyaktubay,3
GC1,FIELD OBSERVATIONS (FIELD CREW) - ELA,,227 LA CB,2023,2023-06-14,08:15,,[227 LA CB] [2023-06-14],10.0,2.4,11.1,NNE,10,Brown,Yellow,1.75,1.76,,0.50,1.88,0.00,1.25,1.75,2.00,5,1,,Yes,X03,"FIELD OBSERVATION PROCEDURES, 1993 ONWARD - ELA",RBR4,RBR #4 Maestro^3 Serial No 211417,SandilandsK,PFM-E,smoky ,2025-03-14,iyaktubay,3
GC1,FIELD OBSERVATIONS (FIELD CREW) - ELA,,227 LA CB,2023,2023-06-28,08:27,,[227 LA CB] [2023-06-28],19.0,1.7,4.9,N,8,Yellow,Brown,1.75,1.51,,1.00,2.61,0.00,1.25,1.75,3.00,0,0,,No,X03,"FIELD OBSERVATION PROCEDURES, 1993 ONWARD - ELA",RBR2,RBR #2 XRX620 Serial No 18033,SandilandsK,ZA-ME,Old PAR meter was used.  Paula's samples were taken. ,2025-03-14,iyaktubay,3
GC1,FIELD OBSERVATIONS (FIELD CREW) - ELA,,227 LA CB,2023,2023-07-11,08:36,,[227 LA CB] [2023-07-11],16.6,3.9,7.4,NW,1,Brown,Yellow,2.00,1.97,,2.00,2.63,0.00,1.50,2.00,4.00,5,1,,Yes,X03,"FIELD OBSERVATION PROCEDURES, 1993 ONWARD - ELA",RBR2,RBR #2 XRX620 Serial No 18033,SandilandsK,PF-KS,"Par Sensor #: 2045
third sampler: ZA",2025-03-14,iyaktubay,3
GC1,FIELD OBSERVATIONS (FIELD CREW) - ELA,,227 LA CB,2023,2023-07-26,08:31,,[227 LA CB] [2023-07-26],23.3,3.3,9.8,NE,0,Yellow,Brown,1.50,1.47,,1.00,3.38,0.00,1.00,1.50,5.00,5,1,,No,X03,"FIELD OBSERVATION PROCEDURES, 1993 ONWARD - ELA",RBR2,RBR #2 XRX620 Serial No 18033,SandilandsK,LNT-ME,1% light from PAR meter,2025-03-14,iyaktubay,3
GC1,FIELD OBSERVATIONS (FIELD CREW) - ELA,,227 LA CB,2023,2023-08-09,13:18,,[227 LA CB] [2023-08-09],17.6,2.2,10.3,N,8,Brown,Yellow,2.00,2.02,,1.00,2.89,0.00,1.50,2.00,4.00,5,1,,Yes,X03,"FIELD OBSERVATION PROCEDURES, 1993 ONWARD - ELA",RBR4,RBR #4 Maestro^3 Serial No 211417,SandilandsK,LNT-KS,,2025-03-14,iyaktubay,3
GC1,FIELD OBSERVATIONS (FIELD CREW) - ELA,,227 LA CB,2023,2023-08-23,08:30,,,16.1,,,,10,Brown,Yellow,2.25,,,1.00,,0.00,1.75,2.25,4.00,0,0,,No,X03,"FIELD OBSERVATION PROCEDURES, 1993 ONWARD - ELA",RBR4,RBR #4 Maestro^3 Serial No 211417,SandilandsK,ME-PF,"RBR data missing for this date, redone on August 24 - match this field obs with August 24 RBR data",2024-04-24,chay,1
GC1,FIELD OBSERVATIONS (FIELD CREW) - ELA,MULTIPLE PROJECTS OR UNIMPORTANT WHICH PROJECT,227 LA CB,2023,2023-08-24,09:28,,[227 LA CB] [2023-08-24],,,,,,,,2.25,2.25,,,3.14,,,,,,,,,LP3,Limnology profile sampling via multiparameter probe (not just temp and oxygen),RBR4,RBR #4 Maestro^3 Serial No 211417,SandilandsK,hydrolim crew,Thermocline and thermal epilimnion depth were calculated using FME workbench and the profile associated with the profile_id column.,2025-03-14,iyaktubay,2
GC1,FIELD OBSERVATIONS (FIELD CREW) - ELA,,227 LA CB,2023,2023-09-06,14:00,,[227 LA CB] [2023-09-06],13.7,8.5,12.1,NE,10,Brown,Yellow,2.50,2.50,,1.50,3.40,0.00,2.00,2.50,4.00,5,1,,Yes,X03,"FIELD OBSERVATION PROCEDURES, 1993 ONWARD - ELA",RBR4,RBR #4 Maestro^3 Serial No 211417,SandilandsK,PF-BP,,2025-03-14,iyaktubay,3
GC1,FIELD OBSERVATIONS (FIELD CREW) - ELA,,227 LA CB,2023,2023-09-20,08:23,,[227 LA CB] [2023-09-20],17.1,1.7,6.4,SSE,1,Yellow,Green,2.00,2.00,,1.00,3.88,0.00,1.50,2.00,4.00,5,1,,No,X03,"FIELD OBSERVATION PROCEDURES, 1993 ONWARD - ELA",RBR4,RBR #4 Maestro^3 Serial No 211417,SandilandsK,ME-LM,,2025-03-14,iyaktubay,3
GC1,FIELD OBSERVATIONS (FIELD CREW) - ELA,,227 LA CB,2023,2023-10-04,13:36,,[227 LA CB] [2023-10-04],12.4,1.2,10.5,SW,10,Brown,Yellow,2.75,1.76,1.08,0.75,4.11,0.00,2.25,2.75,4.00,5,1,,Yes,X03,"FIELD OBSERVATION PROCEDURES, 1993 ONWARD - ELA",RBR4,RBR #4 Maestro^3 Serial No 211417,SandilandsK,LM-ME,,2025-03-14,iyaktubay,3
GC1,FIELD OBSERVATIONS (FIELD CREW) - ELA,,227 LA CB,2023,2023-10-31,13:20,,,-2.3,2.3,4.2,W,9,Brown,Yellow,,,,0.75,,0.00,3.00,,,0,0,,Yes,X03,"FIELD OBSERVATION PROCEDURES, 1993 ONWARD - ELA",RBR2,RBR #2 XRX620 Serial No 18033,SandilandsK,PF-KS,1% light taken with PAR meter. Epi sampled to 1% instead of temperature difference.  ,2024-04-24,chay,1
GC1,FIELD OBSERVATIONS (FIELD CREW) - ELA,,227 LA CB,2024,2024-01-09,10:01,,[227 LA CB] [2024-01-09],-12.0,,,,10,,,,0.51,,,0.60,,,,,,,,Yes,X03,"FIELD OBSERVATION PROCEDURES, 1993 ONWARD - ELA",RBR4,RBR #4 Maestro^3 Serial No 211417,SandilandsK,LDH-PF,10 m sample collected at 9.5 m. ,2025-03-14,iyaktubay,2
GC1,FIELD OBSERVATIONS (FIELD CREW) - ELA,,227 LA CB,2024,2024-03-19,09:28,,[227 LA CB] [2024-03-19],-8.0,,,,10,,,,0.13,,,0.14,,,,,,,,Yes,X03,"FIELD OBSERVATION PROCEDURES, 1993 ONWARD - ELA",RBR4,RBR #4 Maestro^3 Serial No 211417,SandilandsK,LEH-PF,"sampled 10 m at 9.5 m. Lots of extra water for Paula R and Sonya (2 L @ 0, 4, 6 m; 8 L @ 9.5 m, plus 500 mL at each normal depth).",2025-03-14,iyaktubay,2
GC1,FIELD OBSERVATIONS (FIELD CREW) - ELA,,227 LA CB,2024,2024-05-06,08:40,,[227 LA CB] [2024-05-06],15.8,4.3,12.9,SE,0,Yellow,Brown,1.00,1.03,,1.00,1.64,0.00,0.50,1.00,4.00,5,1,,Yes,X03,"FIELD OBSERVATION PROCEDURES, 1993 ONWARD - ELA",RBR3,RBR #3 Maestro^3 Serial No 211416,SandilandsK,LNT-PF,First few depths had surface par shaded. RBR3 not streaming. Collected profile samples and zooplankton. Returned for E/M and RBR at 15:20 CST. Lots of wood frogs calling around the lake!,2025-03-14,iyaktubay,2
GC1,FIELD OBSERVATIONS (FIELD CREW) - ELA,,227 LA CB,2024,2024-05-22,08:20,,[227 LA CB] [2024-05-22],9.7,4.2,12.8,NNE,10,Yellow,Orange,1.75,1.76,,1.25,2.62,0.00,1.25,1.75,4.00,0,0,,Yes,X03,"FIELD OBSERVATION PROCEDURES, 1993 ONWARD - ELA",RBR4,RBR #4 Maestro^3 Serial No 211417,SandilandsK,PF-TD,RBR summary not recording,2025-03-14,iyaktubay,2
GC1,FIELD OBSERVATIONS (FIELD CREW) - ELA,,227 LA CB,2024,2024-06-05,09:10,,[227 LA CB] [2024-06-05],19.3,6.6,10.5,SW,5,dark,Orange,0.75,1.12,0.69,1.50,1.19,0.00,0.25,0.75,4.00,5,1,,No,X03,"FIELD OBSERVATION PROCEDURES, 1993 ONWARD - ELA",RBR3,RBR #3 Maestro^3 Serial No 211416,SandilandsK,LNT-TD,1% light was an estimation based on percentlight values as the RBR did not record the exact depth ,2025-03-14,iyaktubay,2
GC1,FIELD OBSERVATIONS (FIELD CREW) - ELA,MULTIPLE PROJECTS OR UNIMPORTANT WHICH PROJECT,227 LA CB,2024,2024-06-13,08:31,,[227 LA CB] [2024-06-13],,,,,,,,,1.51,0.58,,2.75,,,,,,,,,LP3,Limnology profile sampling via multiparameter probe (not just temp and oxygen),RBR3,RBR #3 Maestro^3 Serial No 211416,SandilandsK,hydrolim crew,"Thermocline, thermal epilimnion, and false epilimnion depths were calculated using FME workbench and the profile associated with the profile_id column.",2025-03-14,iyaktubay,1
GC1,FIELD OBSERVATIONS (FIELD CREW) - ELA,,227 LA CB,2024,2024-06-19,08:14,,[227 LA CB] [2024-06-19] [Redone],12.9,4.1,10.6,W,0,Yellow,Orange,1.75,1.54,,1.25,2.55,0.00,1.25,1.75,4.00,,,,Yes,X03,"FIELD OBSERVATION PROCEDURES, 1993 ONWARD - ELA",RBR4,RBR #4 Maestro^3 Serial No 211417,SandilandsK,LNT-PF,PAR was shaded in the first profile and the profile was redone. Had issues with beeps not recording during the second profile and 1% light was being reported as 17m,2025-03-14,iyaktubay,2
GC1,FIELD OBSERVATIONS (FIELD CREW) - ELA,,227 LA CB,2024,2024-07-03,08:22,,[227 LA CB] [2024-07-03],20.6,5.8,14.5,WSW,2,Green,Yellow,2.00,2.00,1.01,0.75,2.62,0.00,1.50,,,5,1,,No,X03,"FIELD OBSERVATION PROCEDURES, 1993 ONWARD - ELA",RBR4,RBR #4 Maestro^3 Serial No 211417,SandilandsK,LNT-PF,,2025-03-14,iyaktubay,2
GC1,FIELD OBSERVATIONS (FIELD CREW) - ELA,,227 LA CB,2024,2024-07-17,08:16,,[227 LA CB] [2024-07-17],17.4,3.1,11.9,N,1,dark,Orange,1.25,1.24,,0.75,1.90,0.00,0.75,1.25,3.00,5,1,,Yes,X03,"FIELD OBSERVATION PROCEDURES, 1993 ONWARD - ELA",RBR3,RBR #3 Maestro^3 Serial No 211416,SandilandsK,TD-PF,With ELSE,2025-03-14,iyaktubay,2
GC1,FIELD OBSERVATIONS (FIELD CREW) - ELA,,227 LA CB,2024,2024-07-31,08:25,,[227 LA CB] [2024-07-31],25.7,3.2,5.8,SW,1,dark,Orange,1.00,1.04,,1.25,2.14,0.00,0.50,1.00,3.00,5,1,,No,X03,"FIELD OBSERVATION PROCEDURES, 1993 ONWARD - ELA",RBR4,RBR #4 Maestro^3 Serial No 211417,SandilandsK,LNT-TD,Some of the rinse from 1 of the zooplankton nets did not make it into the bottle. Also hazy and high humidity conditions,2025-03-14,iyaktubay,2
GC1,FIELD OBSERVATIONS (FIELD CREW) - ELA,,227 LA CB,2024,2024-08-14,08:24,,[227 LA CB] [2024-08-14],23.7,1.4,2.5,WSW,0,dark,Orange,0.75,0.76,,1.25,3.14,0.00,0.25,0.75,4.00,5,1,,Yes,X03,"FIELD OBSERVATION PROCEDURES, 1993 ONWARD - ELA",RBR4,RBR #4 Maestro^3 Serial No 211417,SandilandsK,LNT-JL,,2025-03-14,iyaktubay,2
GC1,FIELD OBSERVATIONS (FIELD CREW) - ELA,,227 LA CB,2024,2024-08-28,08:16,,[227 LA CB] [2024-08-28],15.8,7.2,14.2,SE,0,Brown,Yellow,1.75,1.76,,1.00,2.08,0.00,1.25,1.75,3.00,5,1,,No,X03,"FIELD OBSERVATION PROCEDURES, 1993 ONWARD - ELA",RBR4,RBR #4 Maestro^3 Serial No 211417,SandilandsK,LNT-PF,,2025-03-14,iyaktubay,2
GC1,FIELD OBSERVATIONS (FIELD CREW) - ELA,,227 LA CB,2024,2024-09-11,08:26,,[227 LA CB] [2024-09-11],16.4,3.9,12.2,NW,10,Brown,Orange,1.25,1.26,,1.25,3.37,0.00,0.75,1.25,3.00,5,1,,Yes,X03,"FIELD OBSERVATION PROCEDURES, 1993 ONWARD - ELA",RBR4,RBR #4 Maestro^3 Serial No 211417,SandilandsK,LNT-NW,smoky!,2025-03-14,iyaktubay,2
GC1,FIELD OBSERVATIONS (FIELD CREW) - ELA,,227 LA CB,2024,2024-09-25,08:11,,[227 LA CB] [2024-09-25],17.9,1.6,8.5,SW,1,Yellow,Brown,3.00,3.00,1.14,1.25,3.85,0.00,2.50,,,5,1,,No,X03,"FIELD OBSERVATION PROCEDURES, 1993 ONWARD - ELA",RBR4,RBR #4 Maestro^3 Serial No 211417,SandilandsK,PF-CT,,2025-03-14,iyaktubay,2
GC1,FIELD OBSERVATIONS (FIELD CREW) - ELA,,227 LA CB,2024,2024-10-09,08:30,,[227 LA CB] [2024-10-09],7.5,2.8,6.6,S,0,Yellow,Green,4.25,4.30,,1.00,4.93,0.00,3.00,,,5,1,,Yes,X03,"FIELD OBSERVATION PROCEDURES, 1993 ONWARD - ELA",RBR3,RBR #3 Maestro^3 Serial No 211416,SandilandsK,LNT-PF,,2025-03-14,iyaktubay,2
GC1,FIELD OBSERVATIONS (FIELD CREW) - ELA,,227 LA CB,2024,2024-11-05,14:00,,[227 LA CB] [2024-11-05],7.7,,,,2,Green,Yellow,7.50,7.46,,0.75,7.60,0.00,3.00,,,0,0,,Yes,X03,"FIELD OBSERVATION PROCEDURES, 1993 ONWARD - ELA",RBR3,RBR #3 Maestro^3 Serial No 211416,SandilandsK,TDP-FLT,,2025-03-14,iyaktubay,2
GC1,FIELD OBSERVATIONS (FIELD CREW) - ELA,,239 LA CB,2023,2023-01-16,14:10,,,-0.4,,,,10,,,,,,,,,,,,,,,Yes,X03,"FIELD OBSERVATION PROCEDURES, 1993 ONWARD - ELA",RBR2,RBR #2 XRX620 Serial No 18033,SandilandsK,LEH-LDH,,2024-04-24,chay,1
GC1,FIELD OBSERVATIONS (FIELD CREW) - ELA,,239 LA CB,2023,2023-03-13,08:40,,,-12.0,,,,0,,,,,,,,,,,,,,,Yes,X03,"FIELD OBSERVATION PROCEDURES, 1993 ONWARD - ELA",RBR2,RBR #2 XRX620 Serial No 18033,SandilandsK,LDH-BC,,2024-04-24,chay,1
GC1,FIELD OBSERVATIONS (FIELD CREW) - ELA,,239 LA CB,2023,2023-05-08,07:55,,,7.5,10.0,15.5,E,10,Yellow,Orange,,,,3.00,,0.00,6.00,,,0,0,,Yes,X03,"FIELD OBSERVATION PROCEDURES, 1993 ONWARD - ELA",RBR4,RBR #4 Maestro^3 Serial No 211417,SandilandsK,KAS-ME,epi sampled using 1% light instead of thermal,2024-04-24,chay,1
GC1,FIELD OBSERVATIONS (FIELD CREW) - ELA,,239 LA CB,2023,2023-05-23,09:00,,,16.6,6.6,10.4,NE,9,Brown,Yellow,2.50,,,2.25,,0.00,2.00,2.50,6.00,10,5,,No,X03,"FIELD OBSERVATION PROCEDURES, 1993 ONWARD - ELA",RBR4,RBR #4 Maestro^3 Serial No 211417,SandilandsK,LNT-KS,"RBR not working, profile done on May 24 (samples taken on May 23). Copied to missing_from_summary excel sheet in google drive.",2024-04-24,chay,1
GC1,FIELD OBSERVATIONS (FIELD CREW) - ELA,MULTIPLE PROJECTS OR UNIMPORTANT WHICH PROJECT,239 LA CB,2023,2023-05-24,09:00,,[239 LA CB] [2023-05-24] [Redone Profile],,,,,,,,3.25,3.25,,,3.38,,,,,,,,,LP3,Limnology profile sampling via multiparameter probe (not just temp and oxygen),RBR3,RBR #3 Maestro^3 Serial No 211416,SandilandsK,hydrolim crew,Thermocline and thermal epilimnion depth were calculated using FME workbench and the profile associated with the profile_id column.,2025-03-14,iyaktubay,2
GC1,FIELD OBSERVATIONS (FIELD CREW) - ELA,,239 LA CB,2023,2023-06-06,07:30,,[239 LA CB] [2023-06-06],20.2,8.4,17.0,S,2,Orange,Brown,1.75,1.74,,3.00,3.40,0.00,1.50,2.00,6.00,15,10,,Yes,X03,"FIELD OBSERVATION PROCEDURES, 1993 ONWARD - ELA",RBR4,RBR #4 Maestro^3 Serial No 211417,SandilandsK,LNT-ME,Epi integrated sample taken at 1.5 but should have been taken at 1.25 based on thermal epi of 1.75m,2025-03-14,iyaktubay,3
GC1,FIELD OBSERVATIONS (FIELD CREW) - ELA,MULTIPLE PROJECTS OR UNIMPORTANT WHICH PROJECT,239 LA CB,2023,2023-06-15,09:00,,[239 LA CB] [2023-06-15] [Extra Profile],,,,,,,,3.05,3.05,,,3.54,,,,,,,,,LP3,Limnology profile sampling via multiparameter probe (not just temp and oxygen),RBR4,RBR #4 Maestro^3 Serial No 211417,SandilandsK,hydrolim crew,Thermocline and thermal epilimnion depth were calculated using FME workbench and the profile associated with the profile_id column.,2025-03-14,iyaktubay,2
GC1,FIELD OBSERVATIONS (FIELD CREW) - ELA,,239 LA CB,2023,2023-06-20,07:33,,[239 LA CB] [2023-06-20],23.7,7.3,15.0,S,1,Yellow,Brown,2.75,2.76,,3.00,3.88,0.00,2.25,2.75,6.00,15,10,,No,X03,"FIELD OBSERVATION PROCEDURES, 1993 ONWARD - ELA",RBR4,RBR #4 Maestro^3 Serial No 211417,SandilandsK,LNT-ME,,2025-03-14,iyaktubay,3
GC1,FIELD OBSERVATIONS (FIELD CREW) - ELA,,239 LA CB,2023,2023-07-05,08:30,,[239 LA CB] [2023-07-05],15.1,5.4,11.5,W,4,dark,Orange,3.25,3.25,,3.00,3.38,0.00,2.75,3.25,6.00,10,5,,Yes,X03,"FIELD OBSERVATION PROCEDURES, 1993 ONWARD - ELA",RBR4,RBR #4 Maestro^3 Serial No 211417,SandilandsK,LNT-ME,,2025-03-14,iyaktubay,3
GC1,FIELD OBSERVATIONS (FIELD CREW) - ELA,,239 LA CB,2023,2023-07-18,07:41,,[239 LA CB] [2023-07-18],16.0,2.9,7.6,E,9,Brown,Yellow,4.00,4.24,,2.50,4.65,0.00,3.50,4.00,7.00,5,1,,No,X03,"FIELD OBSERVATION PROCEDURES, 1993 ONWARD - ELA",RBR4,RBR #4 Maestro^3 Serial No 211417,SandilandsK,LNT-ME,,2025-03-14,iyaktubay,3
GC1,FIELD OBSERVATIONS (FIELD CREW) - ELA,,239 LA CB,2023,2023-08-01,07:38,,[239 LA CB] [2023-08-01],19.3,2.4,4.8,S,7,Yellow,Brown,3.50,3.51,,3.50,3.90,0.00,3.00,3.50,7.00,5,1,,Yes,X03,"FIELD OBSERVATION PROCEDURES, 1993 ONWARD - ELA",RBR4,RBR #4 Maestro^3 Serial No 211417,SandilandsK,LNT-ME,Extreme smoke in air,2025-03-14,iyaktubay,3
GC1,FIELD OBSERVATIONS (FIELD CREW) - ELA,,239 LA CB,2023,2023-08-15,09:01,,[239 LA CB] [2023-08-15],22.3,3.8,5.9,SW,9,Yellow,Brown,3.50,3.48,,3.50,5.89,0.00,3.00,3.50,7.00,5,1,,No,X03,"FIELD OBSERVATION PROCEDURES, 1993 ONWARD - ELA",RBR4,RBR #4 Maestro^3 Serial No 211417,SandilandsK,LNT-KS,,2025-03-14,iyaktubay,3
GC1,FIELD OBSERVATIONS (FIELD CREW) - ELA,,239 LA CB,2023,2023-08-29,08:52,,[239 LA CB] [2023-08-29],17.4,2.4,7.4,E,9,Brown,Yellow,4.25,4.25,,3.25,5.12,0.00,3.75,4.25,7.00,10,5,,Yes,X03,"FIELD OBSERVATION PROCEDURES, 1993 ONWARD - ELA",RBR4,RBR #4 Maestro^3 Serial No 211417,SandilandsK,ME-LNT,,2025-03-14,iyaktubay,3
GC1,FIELD OBSERVATIONS (FIELD CREW) - ELA,,239 LA CB,2023,2023-09-12,09:00,,[239 LA CB] [2023-09-12],11.1,9.0,11.0,N,9,Yellow,Orange,5.25,5.23,,3.50,5.62,0.00,4.75,5.25,7.00,10,5,,No,X03,"FIELD OBSERVATION PROCEDURES, 1993 ONWARD - ELA",RBR4,RBR #4 Maestro^3 Serial No 211417,SandilandsK,KS-LM,,2025-03-14,iyaktubay,3
GC1,FIELD OBSERVATIONS (FIELD CREW) - ELA,,239 LA CB,2023,2023-09-26,08:50,,[239 LA CB] [2023-09-26],16.3,0.0,4.5,NNW,2,pale,Yellow,5.50,5.54,,5.00,6.15,0.00,5.00,5.50,7.00,5,1,,Yes,X03,"FIELD OBSERVATION PROCEDURES, 1993 ONWARD - ELA",RBR4,RBR #4 Maestro^3 Serial No 211417,SandilandsK,ME-LM,hazy.,2025-03-14,iyaktubay,3
GC1,FIELD OBSERVATIONS (FIELD CREW) - ELA,,239 LA CB,2023,2023-10-10,09:00,,[239 LA CB] [2023-10-10],6.5,6.0,8.0,N,10,Orange,Yellow,6.75,6.77,,2.75,7.14,0.00,6.25,6.75,8.00,0,0,,No,X03,"FIELD OBSERVATION PROCEDURES, 1993 ONWARD - ELA",RBR2,RBR #2 XRX620 Serial No 18033,SandilandsK,KS-PF,1% light depth is from PAR ,2025-03-14,iyaktubay,3
GC1,FIELD OBSERVATIONS (FIELD CREW) - ELA,,239 LA CB,2023,2023-11-02,13:00,,[239 LA CB] [2023-11-02],0.7,9.2,19.6,SW,10,dark,Yellow,12.25,12.24,,3.25,12.36,0.00,8.00,,,5,1,,Yes,X03,"FIELD OBSERVATION PROCEDURES, 1993 ONWARD - ELA",RBR2,RBR #2 XRX620 Serial No 18033,SandilandsK,ME-KS,PAR meter used to get 1% light. Epi sample depth based on 1% light instead of temperature. Surface temperature logger taken out. ,2025-03-14,iyaktubay,3
GC1,FIELD OBSERVATIONS (FIELD CREW) - ELA,,239 LA CB,2024,2024-01-08,13:10,,,-12.0,,,,10,,,,,,,,,,,,,,,Yes,X03,"FIELD OBSERVATION PROCEDURES, 1993 ONWARD - ELA",RBR3,RBR #3 Maestro^3 Serial No 211416,SandilandsK,PMF-MH,,2024-04-24,chay,1
GC1,FIELD OBSERVATIONS (FIELD CREW) - ELA,MULTIPLE PROJECTS OR UNIMPORTANT WHICH PROJECT,239 LA CB,2024,2024-03-05,11:04,,[239 LA CB] [2024-03-05],,,,,,,,,0.61,,,0.82,,,,,,,,,LP3,Limnology profile sampling via multiparameter probe (not just temp and oxygen),RBR4,RBR #4 Maestro^3 Serial No 211417,SandilandsK,hydrolim crew,"Thermocline, thermal epilimnion, and false epilimnion depths were calculated using FME workbench and the profile associated with the profile_id column.",2025-03-14,iyaktubay,1
GC1,FIELD OBSERVATIONS (FIELD CREW) - ELA,,239 LA CB,2024,2024-03-18,14:30,,,-5.0,,,,10,,,,,,,,,,,,,,,Yes,X03,"FIELD OBSERVATION PROCEDURES, 1993 ONWARD - ELA",RBR2,RBR #2 XRX620 Serial No 18033,SandilandsK,PMF-AG,windy!!,2024-04-24,chay,1
GC1,FIELD OBSERVATIONS (FIELD CREW) - ELA,,239 LA CB,2024,2024-05-02,09:40,,,,,,,,,,,,,,,,,,,,,,No,X03,"FIELD OBSERVATION PROCEDURES, 1993 ONWARD - ELA",RBR4,RBR #4 Maestro^3 Serial No 211417,SandilandsK,TDK-SLT,"RBR profile only, no water collected.",2025-02-18,chay,1
GC1,FIELD OBSERVATIONS (FIELD CREW) - ELA,,239 LA CB,2024,2024-05-06,07:58,,,14.0,8.0,11.0,S,0,Orange,Yellow,,,,3.75,,0.00,7.00,,,5,1,,Yes,X03,"FIELD OBSERVATION PROCEDURES, 1993 ONWARD - ELA",RBR4,RBR #4 Maestro^3 Serial No 211417,SandilandsK,KS-TD,What a great day!,2025-02-18,chay,1
GC1,FIELD OBSERVATIONS (FIELD CREW) - ELA,MULTIPLE PROJECTS OR UNIMPORTANT WHICH PROJECT,239 LA CB,2024,2024-05-14,12:41,,[239 LA CB] [2024-05-14],,,,,,,,,3.56,,,4.77,,,,,,,,,LP3,Limnology profile sampling via multiparameter probe (not just temp and oxygen),RBR3,RBR #3 Maestro^3 Serial No 211416,SandilandsK,hydrolim crew,"Thermocline, thermal epilimnion, and false epilimnion depths were calculated using FME workbench and the profile associated with the profile_id column.",2025-03-14,iyaktubay,1
GC1,FIELD OBSERVATIONS (FIELD CREW) - ELA,,239 LA CB,2024,2024-05-21,07:50,,[239 LA CB] [2024-05-21],14.1,2.1,3.7,NNE,10,Orange,Yellow,4.75,0.65,0.16,2.00,0.83,0.00,4.25,4.75,6.00,0,0,,No,X03,"FIELD OBSERVATION PROCEDURES, 1993 ONWARD - ELA",RBR3,RBR #3 Maestro^3 Serial No 211416,SandilandsK,KS-TD,,2025-03-14,iyaktubay,2
GC1,FIELD OBSERVATIONS (FIELD CREW) - ELA,,239 LA CB,2024,2024-06-03,08:00,,[239 LA CB] [2024-06-03],15.2,6.2,7.2,S,10,Orange,Brown,3.00,3.02,,2.00,4.38,0.00,2.50,3.00,6.00,5,1,,Yes,X03,"FIELD OBSERVATION PROCEDURES, 1993 ONWARD - ELA",RBR3,RBR #3 Maestro^3 Serial No 211416,SandilandsK,KS-TD,,2025-03-14,iyaktubay,2
GC1,FIELD OBSERVATIONS (FIELD CREW) - ELA,,239 LA CB,2024,2024-06-17,08:18,,[239 LA CB] [2024-06-17],15.8,5.6,16.2,W,2,Orange,Brown,2.75,2.52,,2.25,5.29,0.00,2.25,2.75,5.00,10,5,,No,X03,"FIELD OBSERVATION PROCEDURES, 1993 ONWARD - ELA",RBR3,RBR #3 Maestro^3 Serial No 211416,SandilandsK,LNT-KS,Had to get a new RBR battery at 7.75m. 8.0-8.5m redone since O2 cap was still on initially,2025-03-14,iyaktubay,2
GC1,FIELD OBSERVATIONS (FIELD CREW) - ELA,,239 LA CB,2024,2024-07-02,08:20,,[239 LA CB] [2024-07-02],14.6,11.3,15.9,S,10,Yellow,Orange,4.50,4.45,,2.00,4.89,0.00,4.00,4.50,6.00,10,5,,Yes,X03,"FIELD OBSERVATION PROCEDURES, 1993 ONWARD - ELA",RBR3,RBR #3 Maestro^3 Serial No 211416,SandilandsK,KST-D,,2025-03-14,iyaktubay,2
GC1,FIELD OBSERVATIONS (FIELD CREW) - ELA,,239 LA CB,2024,2024-07-15,09:35,,[239 LA CB] [2024-07-15],18.0,3.7,4.0,N,10,Brown,Orange,2.25,2.25,,2.00,2.38,0.00,1.75,2.25,4.00,0,0,,No,X03,"FIELD OBSERVATION PROCEDURES, 1993 ONWARD - ELA",RBR3,RBR #3 Maestro^3 Serial No 211416,SandilandsK,KSP-F,epi and meta sample information is not written in the field book. With ELSE,2025-03-14,iyaktubay,2
GC1,FIELD OBSERVATIONS (FIELD CREW) - ELA,,239 LA CB,2024,2024-07-29,08:00,,[239 LA CB] [2024-07-29],21.6,5.0,6.8,NE,2,Brown,Yellow,2.50,2.50,,2.50,3.91,0.00,2.00,2.50,5.00,5,1,,Yes,X03,"FIELD OBSERVATION PROCEDURES, 1993 ONWARD - ELA",RBR4,RBR #4 Maestro^3 Serial No 211417,SandilandsK,LNT-KS,pH RBR used for chemistry profile,2025-03-14,iyaktubay,2
GC1,FIELD OBSERVATIONS (FIELD CREW) - ELA,,239 LA CB,2024,2024-08-12,08:16,,[239 LA CB] [2024-08-12],23.5,,,,1,Orange,Brown,4.25,4.24,0.66,3.50,4.89,0.00,3.75,4.25,6.00,0,0,,No,X03,"FIELD OBSERVATION PROCEDURES, 1993 ONWARD - ELA",RBR3,RBR #3 Maestro^3 Serial No 211416,SandilandsK,LNT-AG,,2025-03-14,iyaktubay,2
GC1,FIELD OBSERVATIONS (FIELD CREW) - ELA,,239 LA CB,2024,2024-08-26,07:40,,[239 LA CB] [2024-08-26],21.5,5.0,10.5,NNW,0,Brown,Orange,2.00,2.01,,3.25,4.63,0.00,1.50,2.00,6.00,10,5,,Yes,X03,"FIELD OBSERVATION PROCEDURES, 1993 ONWARD - ELA",RBR3,RBR #3 Maestro^3 Serial No 211416,SandilandsK,LNT-TD,,2025-03-14,iyaktubay,2
GC1,FIELD OBSERVATIONS (FIELD CREW) - ELA,,239 LA CB,2024,2024-09-09,08:15,,[239 LA CB] [2024-09-09],18.1,6.6,8.4,S,0,Yellow,Orange,4.75,4.74,,3.00,9.76,0.00,4.25,4.75,5.00,5,1,,No,X03,"FIELD OBSERVATION PROCEDURES, 1993 ONWARD - ELA",RBR4,RBR #4 Maestro^3 Serial No 211417,SandilandsK,KSA-F,,2025-03-14,iyaktubay,2
GC1,FIELD OBSERVATIONS (FIELD CREW) - ELA,,239 LA CB,2024,2024-09-23,07:50,,[239 LA CB] [2024-09-23],13.1,5.8,8.7,S,7,Orange,Yellow,5.25,5.25,0.56,3.00,5.39,0.00,4.75,5.25,6.00,5,1,,Yes,X03,"FIELD OBSERVATION PROCEDURES, 1993 ONWARD - ELA",RBR4,RBR #4 Maestro^3 Serial No 211417,SandilandsK,LNT-TD,,2025-03-14,iyaktubay,2
GC1,FIELD OBSERVATIONS (FIELD CREW) - ELA,,239 LA CB,2024,2024-10-07,07:47,,[239 LA CB] [2024-10-07],10.2,,,,0,dark,Orange,7.25,6.97,,4.00,7.89,0.00,6.00,,,0,0,,No,X03,"FIELD OBSERVATION PROCEDURES, 1993 ONWARD - ELA",RBR3,RBR #3 Maestro^3 Serial No 211416,SandilandsK,LNT-PF,,2025-03-14,iyaktubay,2
GC1,FIELD OBSERVATIONS (FIELD CREW) - ELA,MULTIPLE PROJECTS OR UNIMPORTANT WHICH PROJECT,239 LA CB,2024,2024-10-22,12:29,,[239 LA CB] [2024-10-22],,,,,,,,,8.49,2.11,,9.01,,,,,,,,,LP3,Limnology profile sampling via multiparameter probe (not just temp and oxygen),RBR4,RBR #4 Maestro^3 Serial No 211417,SandilandsK,hydrolim crew,"Thermocline, thermal epilimnion, and false epilimnion depths were calculated using FME workbench and the profile associated with the profile_id column.",2025-03-14,iyaktubay,1
GC1,FIELD OBSERVATIONS (FIELD CREW) - ELA,,239 LA CB,2024,2024-11-06,08:40,,[239 LA CB] [2024-11-06],4.6,,,,4,dark,Yellow,12.50,12.52,,3.75,12.63,0.00,6.50,,,0,0,,Yes,X03,"FIELD OBSERVATION PROCEDURES, 1993 ONWARD - ELA",RBR3,RBR #3 Maestro^3 Serial No 211416,SandilandsK,LNT-TD,,2025-03-14,iyaktubay,2
GC1,FIELD OBSERVATIONS (FIELD CREW) - ELA,,239 LA CB,2024,2024-11-13,10:05,,[239 LA CB] [2024-11-13],4.8,7.7,12.1,SE,10,Yellow,Brown,,1.97,,4.00,2.05,,,,,5,1,,No,X03,"FIELD OBSERVATION PROCEDURES, 1993 ONWARD - ELA",RBR3,RBR #3 Maestro^3 Serial No 211416,SandilandsK,PF-CT,Final temp/o2 profile before pulling boat. ,2025-03-14,iyaktubay,2
GC1,FIELD OBSERVATIONS (FIELD CREW) - ELA,,303 LA CB,2023,2023-01-18,15:15,,,-10.0,,,,3,,,,,,,,,,,,,,,No,X03,"FIELD OBSERVATION PROCEDURES, 1993 ONWARD - ELA",RBR2,RBR #2 XRX620 Serial No 18033,SandilandsK,PMF-MH,"1 m sample using pump/hose, CG also sampled 1 m and 2 m. no zoops",2024-04-24,chay,1
GC1,FIELD OBSERVATIONS (FIELD CREW) - ELA,,303 LA CB,2023,2023-03-13,13:25,,,-3.5,,,,0,,,,,,,,,,,,,,,Yes,X03,"FIELD OBSERVATION PROCEDURES, 1993 ONWARD - ELA",RBR2,RBR #2 XRX620 Serial No 18033,SandilandsK,LDH-PF,sampled water no zoops,2024-04-24,chay,1
GC1,FIELD OBSERVATIONS (FIELD CREW) - ELA,,303 LA CB,2023,2023-05-09,15:58,,[303 LA CB] [2023-05-09],15.6,2.8,3.8,SW,9,pale,Yellow,,0.50,,2.50,0.88,0.00,0.25,,,5,1,,No,X03,"FIELD OBSERVATION PROCEDURES, 1993 ONWARD - ELA",RBR3,RBR #3 Maestro^3 Serial No 211416,SandilandsK,LNT-PF,Light sensor SN 2045. ,2025-03-14,iyaktubay,3
GC1,FIELD OBSERVATIONS (FIELD CREW) - ELA,,303 LA CB,2023,2023-05-23,09:55,,,16.8,9.7,14.8,NE,10,Brown,Yellow,2.50,,,2.50,,0.00,2.00,,,10,5,,Yes,X03,"FIELD OBSERVATION PROCEDURES, 1993 ONWARD - ELA",RBR3,RBR #3 Maestro^3 Serial No 211416,SandilandsK,PFZ-A,"Hit bottom before 1% light. RBR not working properly, profile data in missing_from_summary excel sheet in google drive.",2024-04-24,chay,1
GC1,FIELD OBSERVATIONS (FIELD CREW) - ELA,,303 LA CB,2023,2023-06-05,10:30,,[303 LA CB] [2023-06-05],23.4,0.0,4.9,SSE,10,Brown,Yellow,1.25,1.24,,2.50,2.93,0.00,1.00,,,5,1,,Yes,X03,"FIELD OBSERVATION PROCEDURES, 1993 ONWARD - ELA",RBR4,RBR #4 Maestro^3 Serial No 211417,SandilandsK,LNT-ME,Hit bottom (3m) before 1% light. Field book says no profile but a 2.25 sample should have been taken,2025-03-14,iyaktubay,3
GC1,FIELD OBSERVATIONS (FIELD CREW) - ELA,,303 LA CB,2023,2023-06-19,09:52,,[303 LA CB] [2023-06-19],24.5,1.5,7.6,SSW,2,Yellow,Brown,1.75,1.75,,0.50,2.12,0.00,1.25,,,5,1,,No,X03,"FIELD OBSERVATION PROCEDURES, 1993 ONWARD - ELA",RBR4,RBR #4 Maestro^3 Serial No 211417,SandilandsK,LNT-ME,Chem profile probably was taken for 2.25m depth however field book says no chem profile was taken. ,2025-03-14,iyaktubay,3
GC1,FIELD OBSERVATIONS (FIELD CREW) - ELA,,303 LA CB,2023,2023-07-04,10:00,,[303 LA CB] [2023-07-04],21.8,6.9,9.9,SW,6,Brown,Yellow,1.75,1.75,,0.50,2.14,0.00,1.25,,,5,1,,Yes,X03,"FIELD OBSERVATION PROCEDURES, 1993 ONWARD - ELA",RBR4,RBR #4 Maestro^3 Serial No 211417,SandilandsK,LNT-HS,,2025-03-14,iyaktubay,3
GC1,FIELD OBSERVATIONS (FIELD CREW) - ELA,,303 LA CB,2023,2023-07-17,10:02,,,16.1,6.1,11.3,SSW,10,Yellow,Green,,,,0.50,,0.00,1.75,,,5,1,,No,X03,"FIELD OBSERVATION PROCEDURES, 1993 ONWARD - ELA",RBR4,RBR #4 Maestro^3 Serial No 211417,SandilandsK,PF-ME,No thermal stratification,2024-04-24,chay,1
GC1,FIELD OBSERVATIONS (FIELD CREW) - ELA,,303 LA CB,2023,2023-07-31,10:00,,[303 LA CB] [2023-07-31],22.8,,,,0,Green,Yellow,2.00,2.23,,0.75,2.66,0.00,1.50,,,0,0,,Yes,X03,"FIELD OBSERVATION PROCEDURES, 1993 ONWARD - ELA",RBR4,RBR #4 Maestro^3 Serial No 211417,SandilandsK,LNT-AS,,2025-03-14,iyaktubay,3
GC1,FIELD OBSERVATIONS (FIELD CREW) - ELA,,303 LA CB,2023,2023-08-14,08:10,,,23.9,0.0,0.0,,0,Brown,Green,,,,0.50,,0.00,2.00,,,0,0,,Yes,X03,"FIELD OBSERVATION PROCEDURES, 1993 ONWARD - ELA",RBR4,RBR #4 Maestro^3 Serial No 211417,SandilandsK,LNT-PF,,2024-04-24,chay,1
GC1,FIELD OBSERVATIONS (FIELD CREW) - ELA,,303 LA CB,2023,2023-08-28,08:08,,,18.5,1.9,4.2,NNE,10,Yellow,Green,2.50,,,0.25,,0.00,2.00,,,0,0,,Yes,X03,"FIELD OBSERVATION PROCEDURES, 1993 ONWARD - ELA",RBR4,RBR #4 Maestro^3 Serial No 211417,SandilandsK,ME-LNT,,2024-04-24,chay,1
GC1,FIELD OBSERVATIONS (FIELD CREW) - ELA,,303 LA CB,2023,2023-09-11,08:07,,,10.7,11.0,16.9,NW,10,Green,Yellow,,,,0.50,,0.00,1.75,,,5,1,,No,X03,"FIELD OBSERVATION PROCEDURES, 1993 ONWARD - ELA",RBR4,RBR #4 Maestro^3 Serial No 211417,SandilandsK,PF-LM,Epi went down to bottom (2.5m). Usually profile samples were taken at 2.5. Check with Chem Lab. ,2024-04-24,chay,1
GC1,FIELD OBSERVATIONS (FIELD CREW) - ELA,,303 LA CB,2023,2023-09-25,08:21,,,15.2,1.4,11.9,NNE,2,Brown,Green,,,,0.50,,0.00,2.00,,,5,1,,Yes,X03,"FIELD OBSERVATION PROCEDURES, 1993 ONWARD - ELA",RBR4,RBR #4 Maestro^3 Serial No 211417,SandilandsK,LM-ME,,2024-04-24,chay,1
GC1,FIELD OBSERVATIONS (FIELD CREW) - ELA,,303 LA CB,2023,2023-10-10,07:55,,[303 LA CB] [2023-10-10],4.6,3.6,13.0,NE,10,Brown,Green,2.00,,,0.25,2.54,0.00,2.00,,,5,1,,Yes,X03,"FIELD OBSERVATION PROCEDURES, 1993 ONWARD - ELA",RBR4,RBR #4 Maestro^3 Serial No 211417,SandilandsK,LM-ME,,2024-06-05,iyaktubay,2
GC1,FIELD OBSERVATIONS (FIELD CREW) - ELA,,303 LA CB,2023,2023-10-30,11:19,,,-3.6,7.0,10.8,SSW,10,Brown,Green,,,,0.75,,0.00,2.00,,,5,1,,Yes,X03,"FIELD OBSERVATION PROCEDURES, 1993 ONWARD - ELA",RBR4,RBR #4 Maestro^3 Serial No 211417,SandilandsK,LM-ME,Field book says no profile but there were samples taken at 2.25m. Epi taken as close to the bottom as possible. Bottom was at 2.87 and it was 2% light. 2.25 profile was taken after lunch as well as zoop samples because zoop net had a large hole. Temp logger was taken out at 11:50cst.,2024-04-24,chay,1
GC1,FIELD OBSERVATIONS (FIELD CREW) - ELA,,303 LA CB,2024,2024-01-10,14:42,,,-9.0,,,,10,,,,,,,,,,,,,,,No,X03,"FIELD OBSERVATION PROCEDURES, 1993 ONWARD - ELA",RBR4,RBR #4 Maestro^3 Serial No 211417,SandilandsK,LDH-KS,"1 m samples taken. O2 fluctuating, tried disconnecting and reconnecting power",2024-04-24,chay,1
GC1,FIELD OBSERVATIONS (FIELD CREW) - ELA,,303 LA CB,2024,2024-03-19,15:48,,,-3.0,,,,10,,,,,,,,,,,,,,,No,X03,"FIELD OBSERVATION PROCEDURES, 1993 ONWARD - ELA",RBR2,RBR #2 XRX620 Serial No 18033,SandilandsK,PMF-AG,extra water for Paula R and Sonya,2024-04-24,chay,1
GC1,FIELD OBSERVATIONS (FIELD CREW) - ELA,,303 LA CB,2024,2024-05-08,09:50,,,14.5,8.3,16.3,NE,0,Green,Yellow,,,,2.00,,0.00,2.00,,,10,5,,No,X03,"FIELD OBSERVATION PROCEDURES, 1993 ONWARD - ELA",RBR3,RBR #3 Maestro^3 Serial No 211416,SandilandsK,LNT-PF,,2025-02-18,chay,1
GC1,FIELD OBSERVATIONS (FIELD CREW) - ELA,,303 LA CB,2024,2024-05-21,09:45,,[303 LA CB] [2024-05-21],15.1,6.0,11.3,NE,10,Yellow,Brown,2.25,2.27,,1.25,2.63,0.00,1.75,,,5,1,,No,X03,"FIELD OBSERVATION PROCEDURES, 1993 ONWARD - ELA",RBR4,RBR #4 Maestro^3 Serial No 211417,SandilandsK,LNT-PF,"RBR in sediment at 2.75m, bottom at 2.6m",2025-03-14,iyaktubay,2
GC1,FIELD OBSERVATIONS (FIELD CREW) - ELA,,303 LA CB,2024,2024-06-05,14:15,,[303 LA CB] [2024-06-05],21.5,7.1,19.5,SW,7,Yellow,Orange,2.50,2.51,0.56,1.75,2.88,0.00,1.50,,,5,1,,No,X03,"FIELD OBSERVATION PROCEDURES, 1993 ONWARD - ELA",RBR3,RBR #3 Maestro^3 Serial No 211416,SandilandsK,LNT-TD,"Thunder - zooplankton sampled on June 6, 2024 at 7:35",2025-03-14,iyaktubay,2
GC1,FIELD OBSERVATIONS (FIELD CREW) - ELA,,303 LA CB,2024,2024-06-18,10:00,,[303 LA CB] [2024-06-18] [Redone],14.9,5.3,11.3,N,10,pale,Yellow,1.50,2.08,1.52,0.50,2.64,0.00,1.00,,,5,1,,Yes,X03,"FIELD OBSERVATION PROCEDURES, 1993 ONWARD - ELA",RBR3,RBR #3 Maestro^3 Serial No 211416,SandilandsK,LNT-TD,"Used RBR3 with data logger 4, redid whole RBR profile with RBR3 and data logger 3 at 13:25",2025-03-14,iyaktubay,2
GC1,FIELD OBSERVATIONS (FIELD CREW) - ELA,,303 LA CB,2024,2024-07-02,09:40,,,17.1,8.4,16.8,SSW,10,Yellow,Green,,,,0.75,,0.00,2.00,,,5,1,,No,X03,"FIELD OBSERVATION PROCEDURES, 1993 ONWARD - ELA",RBR4,RBR #4 Maestro^3 Serial No 211417,SandilandsK,LNT-PF,,2025-02-18,chay,1
GC1,FIELD OBSERVATIONS (FIELD CREW) - ELA,,303 LA CB,2024,2024-07-16,09:56,,[303 LA CB] [2024-07-16],20.6,1.3,9.8,NNE,9,pale,Yellow,2.00,2.02,,0.75,2.37,0.00,1.50,,,0,0,,No,X03,"FIELD OBSERVATION PROCEDURES, 1993 ONWARD - ELA",RBR3,RBR #3 Maestro^3 Serial No 211416,SandilandsK,LNT-TD,"RBR tablet was not working in the morning. Zooplankton and 2.25m water samples were taken in the morning, while the profile and integrated samples were taken in the afternoon (13:15 cst)",2025-03-14,iyaktubay,2
GC1,FIELD OBSERVATIONS (FIELD CREW) - ELA,,303 LA CB,2024,2024-07-30,10:00,,[303 LA CB] [2024-07-30],24.4,6.5,11.8,SSW,0,pale,Green,2.50,2.50,,1.50,2.62,0.00,1.75,,,10,5,,No,X03,"FIELD OBSERVATION PROCEDURES, 1993 ONWARD - ELA",RBR4,RBR #4 Maestro^3 Serial No 211417,SandilandsK,PF-TD,hit the bottom with the integrated sampler at 2.0m - switched to 1.75m. Hazy outside,2025-03-14,iyaktubay,2
GC1,FIELD OBSERVATIONS (FIELD CREW) - ELA,,303 LA CB,2024,2024-08-13,10:51,,[303 LA CB] [2024-08-13],27.5,3.0,9.1,SSW,4,Yellow,Green,,0.22,,0.75,1.67,0.00,2.00,,,0,0,,No,X03,"FIELD OBSERVATION PROCEDURES, 1993 ONWARD - ELA",RBR4,RBR #4 Maestro^3 Serial No 211417,SandilandsK,TD-MD,"The entire lake profile was a thermocline. There was no epi. 'Epi' integrated samples were taken to 2.0m, where the temperature stabilized slightly",2025-03-14,iyaktubay,2
GC1,FIELD OBSERVATIONS (FIELD CREW) - ELA,,303 LA CB,2024,2024-08-27,09:45,,[303 LA CB] [2024-08-27],17.5,6.7,17.1,NNE,7,Yellow,Green,,1.02,,0.75,1.09,0.00,1.75,,,10,5,,No,X03,"FIELD OBSERVATION PROCEDURES, 1993 ONWARD - ELA",RBR4,RBR #4 Maestro^3 Serial No 211417,SandilandsK,LNT-TD,"Epi depth defined as bottom, since 1% light was not reached",2025-03-14,iyaktubay,2
GC1,FIELD OBSERVATIONS (FIELD CREW) - ELA,,303 LA CB,2024,2024-09-10,09:48,,[303 LA CB] [2024-09-10],22.4,3.7,9.1,SE,2,dark,Green,,2.22,,0.75,2.36,0.00,1.75,,,5,1,,No,X03,"FIELD OBSERVATION PROCEDURES, 1993 ONWARD - ELA",RBR4,RBR #4 Maestro^3 Serial No 211417,SandilandsK,AS-LNT,Integrated epi depth defined as bottom since 1% light not reached,2025-03-14,iyaktubay,2
GC1,FIELD OBSERVATIONS (FIELD CREW) - ELA,,303 LA CB,2024,2024-09-24,09:27,,[303 LA CB] [2024-09-24],17.7,4.3,12.0,SSW,7,Green,Blue,,0.50,,0.75,0.57,0.00,2.00,,,5,1,,No,X03,"FIELD OBSERVATION PROCEDURES, 1993 ONWARD - ELA",RBR4,RBR #4 Maestro^3 Serial No 211417,SandilandsK,LNT-TD,,2025-03-14,iyaktubay,2
GC1,FIELD OBSERVATIONS (FIELD CREW) - ELA,,303 LA CB,2024,2024-10-08,09:39,,[303 LA CB] [2024-10-08],16.4,,,,0,Blue,Green,,0.50,,1.00,0.58,0.00,2.00,,,0,0,,No,X03,"FIELD OBSERVATION PROCEDURES, 1993 ONWARD - ELA",RBR4,RBR #4 Maestro^3 Serial No 211417,SandilandsK,LNT-TD,,2025-03-14,iyaktubay,2
GC1,FIELD OBSERVATIONS (FIELD CREW) - ELA,,303 LA CB,2024,2024-10-28,09:30,,,10.0,1.8,10.1,S,0,pale,Green,,,,1.50,,0.00,1.75,,,10,5,,No,X03,"FIELD OBSERVATION PROCEDURES, 1993 ONWARD - ELA",RBR3,RBR #3 Maestro^3 Serial No 211416,SandilandsK,PF-NW,,2025-02-18,chay,1
GC1,FIELD OBSERVATIONS (FIELD CREW) - ELA,,304 LA CB,2023,2023-01-18,13:45,,,-11.0,,,,10,,,,,,,,,,,,,,,Yes,X03,"FIELD OBSERVATION PROCEDURES, 1993 ONWARD - ELA",RBR2,RBR #2 XRX620 Serial No 18033,SandilandsK,PMF-MHL,"double check chem sample, might have been a 1 m grab - PF",2024-04-24,chay,1
GC1,FIELD OBSERVATIONS (FIELD CREW) - ELA,,304 LA CB,2023,2023-03-13,12:10,,,-4.5,,,,0,,,,,,,,,,,,,,,Yes,X03,"FIELD OBSERVATION PROCEDURES, 1993 ONWARD - ELA",RBR1,RBR #1 XRX620 Serial No 18018,SandilandsK,LDH-PF,bottom sample at 5.5 m. zoops 0-4 m abund and arch. MH also sampling,2024-04-24,chay,1
GC1,FIELD OBSERVATIONS (FIELD CREW) - ELA,,304 LA CB,2023,2023-05-09,13:45,,[304 LA CB] [2023-05-09],14.5,2.7,5.7,SE,8,Yellow,Brown,1.25,1.25,0.26,2.00,2.17,0.00,0.75,1.25,4.00,0,0,,Yes,X03,"FIELD OBSERVATION PROCEDURES, 1993 ONWARD - ELA",RBR3,RBR #3 Maestro^3 Serial No 211416,SandilandsK,LNT-PF,Hit bottom before 1% light,2025-03-14,iyaktubay,3
GC1,FIELD OBSERVATIONS (FIELD CREW) - ELA,,304 LA CB,2023,2023-05-23,07:54,,[304 LA CB] [2023-05-23],17.8,2.6,4.7,ENE,8,Brown,Yellow,1.00,1.50,1.00,2.75,2.12,0.00,0.50,1.00,5.00,0,0,,Yes,X03,"FIELD OBSERVATION PROCEDURES, 1993 ONWARD - ELA",RBR3,RBR #3 Maestro^3 Serial No 211416,SandilandsK,PFZ-A,"RBR not working, profile data in missing_from_summary excel sheet in google drive.",2025-03-14,iyaktubay,3
GC1,FIELD OBSERVATIONS (FIELD CREW) - ELA,,304 LA CB,2023,2023-06-05,08:08,,[304 LA CB] [2023-06-05],21.0,10.9,15.2,SSE,9,Brown,Orange,1.00,1.04,,2.00,2.11,0.00,0.75,1.25,4.00,10,5,,Yes,X03,"FIELD OBSERVATION PROCEDURES, 1993 ONWARD - ELA",RBR4,RBR #4 Maestro^3 Serial No 211417,SandilandsK,LNT-ME,"6m water sample taken at 5.5m due to shallow bottom/hitting the sediment. Thermal epi was 1m, integrated epi sample should have been taken at 0.5m but was taken at 0.75m, so it was off by 0.25m based on the thermal epi depth",2025-03-14,iyaktubay,3
GC1,FIELD OBSERVATIONS (FIELD CREW) - ELA,,304 LA CB,2023,2023-06-19,08:01,,[304 LA CB] [2023-06-19],20.1,6.5,10.9,SE,2,Yellow,Brown,0.75,0.76,,0.75,3.13,0.00,0.25,0.75,4.00,5,1,,Yes,X03,"FIELD OBSERVATION PROCEDURES, 1993 ONWARD - ELA",RBR4,RBR #4 Maestro^3 Serial No 211417,SandilandsK,LNT-ME,algal bloom present,2025-03-14,iyaktubay,3
GC1,FIELD OBSERVATIONS (FIELD CREW) - ELA,,304 LA CB,2023,2023-07-04,08:01,,[304 LA CB] [2023-07-04],19.7,1.5,4.7,W,7,Yellow,Green,1.00,1.02,,1.50,2.38,0.00,0.50,1.00,4.00,5,1,,Yes,X03,"FIELD OBSERVATION PROCEDURES, 1993 ONWARD - ELA",RBR4,RBR #4 Maestro^3 Serial No 211417,SandilandsK,LNT-HS,,2025-03-14,iyaktubay,3
GC1,FIELD OBSERVATIONS (FIELD CREW) - ELA,,304 LA CB,2023,2023-07-17,08:03,,[304 LA CB] [2023-07-17],14.2,5.6,10.3,W,10,Brown,Yellow,2.00,2.02,,0.75,3.13,0.00,1.50,2.00,3.00,5,1,,Yes,X03,"FIELD OBSERVATION PROCEDURES, 1993 ONWARD - ELA",RBR4,RBR #4 Maestro^3 Serial No 211417,SandilandsK,PF-ME,,2025-03-14,iyaktubay,3
GC1,FIELD OBSERVATIONS (FIELD CREW) - ELA,,304 LA CB,2023,2023-07-31,08:14,,[304 LA CB] [2023-07-31],19.7,,,,0,Yellow,Brown,1.50,1.51,,1.00,3.14,0.00,1.00,1.50,4.00,0,0,,Yes,X03,"FIELD OBSERVATION PROCEDURES, 1993 ONWARD - ELA",RBR4,RBR #4 Maestro^3 Serial No 211417,SandilandsK,LNT-ML,Extreme smoke in air,2025-03-14,iyaktubay,3
GC1,FIELD OBSERVATIONS (FIELD CREW) - ELA,,304 LA CB,2023,2023-08-14,09:18,,[304 LA CB] [2023-08-14],21.3,0.0,8.2,,0,Yellow,Green,2.25,2.26,0.17,0.75,2.90,0.00,1.75,2.25,3.00,,,,Yes,X03,"FIELD OBSERVATION PROCEDURES, 1993 ONWARD - ELA",RBR4,RBR #4 Maestro^3 Serial No 211417,SandilandsK,LNT-PF,No wind direction recorded. Wind speed in field book is crossed out but the numbers were recorded in survey 123 anyway. ,2025-03-14,iyaktubay,3
GC1,FIELD OBSERVATIONS (FIELD CREW) - ELA,,304 LA CB,2023,2023-08-28,09:26,,[304 LA CB] [2023-08-28],19.2,4.1,6.3,W,10,Brown,Yellow,2.00,1.99,1.26,0.50,3.37,0.00,1.50,2.00,3.00,0,0,,Yes,X03,"FIELD OBSERVATION PROCEDURES, 1993 ONWARD - ELA",RBR4,RBR #4 Maestro^3 Serial No 211417,SandilandsK,LNT-ME,,2025-03-14,iyaktubay,3
GC1,FIELD OBSERVATIONS (FIELD CREW) - ELA,,304 LA CB,2023,2023-09-11,09:35,,[304 LA CB] [2023-09-11],11.6,0.0,10.8,ENE,10,Green,Yellow,2.50,2.52,,0.75,3.62,0.00,2.00,,,5,1,,Yes,X03,"FIELD OBSERVATION PROCEDURES, 1993 ONWARD - ELA",RBR4,RBR #4 Maestro^3 Serial No 211417,SandilandsK,PF-LM,1% light = thermal epi depth,2025-03-14,iyaktubay,3
GC1,FIELD OBSERVATIONS (FIELD CREW) - ELA,,304 LA CB,2023,2023-09-25,09:45,,[304 LA CB] [2023-09-25],17.2,4.0,11.0,NNE,1,Green,Yellow,2.25,2.25,,0.50,4.13,0.00,1.50,2.75,5.00,5,1,,Yes,X03,"FIELD OBSERVATION PROCEDURES, 1993 ONWARD - ELA",RBR4,RBR #4 Maestro^3 Serial No 211417,SandilandsK,LM-ME,,2025-03-14,iyaktubay,3
GC1,FIELD OBSERVATIONS (FIELD CREW) - ELA,,304 LA CB,2023,2023-10-10,10:03,,[304 LA CB] [2023-10-10],7.5,2.4,11.9,N,10,Yellow,Brown,4.75,4.54,,0.75,5.08,0.00,3.00,,,5,1,,Yes,X03,"FIELD OBSERVATION PROCEDURES, 1993 ONWARD - ELA",RBR4,RBR #4 Maestro^3 Serial No 211417,SandilandsK,LM-ME,,2025-03-14,iyaktubay,3
GC1,FIELD OBSERVATIONS (FIELD CREW) - ELA,,304 LA CB,2023,2023-10-30,08:26,,,0.1,0.0,4.0,SSE,10,Yellow,Brown,,,,0.75,,0.00,4.00,,,0,0,,Yes,X03,"FIELD OBSERVATION PROCEDURES, 1993 ONWARD - ELA",RBR4,RBR #4 Maestro^3 Serial No 211417,SandilandsK,LM-ME,Epi sample taken at 4m for 1% light. Water temperature consistent throughout water column. Snowing during sampling. Temp logger was taken out at 10:18cst. ,2024-04-24,chay,1
GC1,FIELD OBSERVATIONS (FIELD CREW) - ELA,,304 LA CB,2024,2024-01-10,13:56,,,-9.0,,,,10,,,,,,,,,,,,,,,Yes,X03,"FIELD OBSERVATION PROCEDURES, 1993 ONWARD - ELA",RBR4,RBR #4 Maestro^3 Serial No 211417,SandilandsK,LDH-KS,1 m samples taken then came back to do surprise profile ,2024-04-24,chay,1
GC1,FIELD OBSERVATIONS (FIELD CREW) - ELA,,304 LA CB,2024,2024-03-19,13:30,,,-5.0,,,,10,,,,,,,,,,,,,,,Yes,X03,"FIELD OBSERVATION PROCEDURES, 1993 ONWARD - ELA",RBR2,RBR #2 XRX620 Serial No 18033,SandilandsK,PMF-AG,extra water for Paula R and Sonya,2024-04-24,chay,1
GC1,FIELD OBSERVATIONS (FIELD CREW) - ELA,,304 LA CB,2024,2024-05-08,08:00,,[304 LA CB] [2024-05-08],14.8,5.7,13.3,E,0,pale,Yellow,1.50,1.52,1.14,1.00,2.38,0.00,1.00,1.50,4.00,5,1,,Yes,X03,"FIELD OBSERVATION PROCEDURES, 1993 ONWARD - ELA",RBR3,RBR #3 Maestro^3 Serial No 211416,SandilandsK,LNT-PF,,2025-03-14,iyaktubay,2
GC1,FIELD OBSERVATIONS (FIELD CREW) - ELA,,304 LA CB,2024,2024-05-21,08:00,,[304 LA CB] [2024-05-21],15.8,1.8,2.8,E,10,Yellow,Brown,2.00,2.01,,1.50,2.62,0.00,1.50,2.00,4.00,0,0,,Yes,X03,"FIELD OBSERVATION PROCEDURES, 1993 ONWARD - ELA",RBR4,RBR #4 Maestro^3 Serial No 211417,SandilandsK,LNT-PF,,2025-03-14,iyaktubay,2
GC1,FIELD OBSERVATIONS (FIELD CREW) - ELA,,304 LA CB,2024,2024-06-04,08:00,,[304 LA CB] [2024-06-04],21.6,,,,9,Yellow,Orange,1.00,1.13,,1.25,1.19,0.00,0.50,1.00,4.00,0,0,,Yes,X03,"FIELD OBSERVATION PROCEDURES, 1993 ONWARD - ELA",RBR3,RBR #3 Maestro^3 Serial No 211416,SandilandsK,PF-TD,"Thunder - zooplankton taken on June 05, 2024",2025-03-14,iyaktubay,2
GC1,FIELD OBSERVATIONS (FIELD CREW) - ELA,,304 LA CB,2024,2024-06-18,08:10,,[304 LA CB] [2024-06-18] [Redone],16.3,0.0,5.2,N,10,Yellow,Orange,1.00,1.02,,0.75,1.56,0.00,0.75,1.00,2.00,0,0,,Yes,X03,"FIELD OBSERVATION PROCEDURES, 1993 ONWARD - ELA",RBR3,RBR #3 Maestro^3 Serial No 211416,SandilandsK,LNT-TD,"Used RBR3 with data logger 4, redid the whole RBR profile with RBR3 and data logger 3 at 12:47",2025-03-14,iyaktubay,2
GC1,FIELD OBSERVATIONS (FIELD CREW) - ELA,,304 LA CB,2024,2024-07-02,08:00,,[304 LA CB] [2024-07-02],14.3,6.0,15.1,S,10,Brown,Orange,2.00,1.97,0.53,1.00,3.11,0.00,1.50,2.00,3.00,5,1,,Yes,X03,"FIELD OBSERVATION PROCEDURES, 1993 ONWARD - ELA",RBR4,RBR #4 Maestro^3 Serial No 211417,SandilandsK,LNT-PF,,2025-03-14,iyaktubay,2
GC1,FIELD OBSERVATIONS (FIELD CREW) - ELA,,304 LA CB,2024,2024-07-16,08:05,,[304 LA CB] [2024-07-16],16.5,8.6,13.1,W,2,Yellow,Brown,1.25,1.27,,1.00,1.90,0.00,0.75,1.25,3.00,5,1,,Yes,X03,"FIELD OBSERVATION PROCEDURES, 1993 ONWARD - ELA",RBR3,RBR #3 Maestro^3 Serial No 211416,SandilandsK,LNT-TD,1.5m redone at the end due to shading,2025-03-14,iyaktubay,2
GC1,FIELD OBSERVATIONS (FIELD CREW) - ELA,,304 LA CB,2024,2024-07-30,08:01,,[304 LA CB] [2024-07-30],23.0,1.9,3.3,SSE,9,Brown,Orange,1.00,1.01,,1.25,1.60,0.00,0.50,1.00,3.00,0,0,,Yes,X03,"FIELD OBSERVATION PROCEDURES, 1993 ONWARD - ELA",RBR4,RBR #4 Maestro^3 Serial No 211417,SandilandsK,TD-PF,OG= 0.720,2025-03-14,iyaktubay,2
GC1,FIELD OBSERVATIONS (FIELD CREW) - ELA,,304 LA CB,2024,2024-08-13,08:12,,[304 LA CB] [2024-08-13],22.2,0.0,2.9,ENE,0,dark,Orange,0.75,0.77,,0.75,3.10,0.00,0.25,0.75,3.00,0,0,,Yes,X03,"FIELD OBSERVATION PROCEDURES, 1993 ONWARD - ELA",RBR4,RBR #4 Maestro^3 Serial No 211417,SandilandsK,TD-MD,RBR pH at 1.25m was taken approx 5 mins after the samples were taken. The rest of the pH was taken at the same time as the samples,2025-03-14,iyaktubay,2
GC1,FIELD OBSERVATIONS (FIELD CREW) - ELA,,304 LA CB,2024,2024-08-27,08:00,,[304 LA CB] [2024-08-27],18.7,1.3,9.2,NNE,9,dark,Orange,1.25,1.27,,1.00,1.58,0.00,0.75,1.25,3.00,0,0,,Yes,X03,"FIELD OBSERVATION PROCEDURES, 1993 ONWARD - ELA",RBR4,RBR #4 Maestro^3 Serial No 211417,SandilandsK,LNT-TD,,2025-03-14,iyaktubay,2
GC1,FIELD OBSERVATIONS (FIELD CREW) - ELA,,304 LA CB,2024,2024-09-10,08:00,,[304 LA CB] [2024-09-10],20.0,2.4,7.2,E,2,Yellow,Brown,1.00,1.14,,1.00,1.21,0.00,0.50,1.00,3.00,0,0,,Yes,X03,"FIELD OBSERVATION PROCEDURES, 1993 ONWARD - ELA",RBR4,RBR #4 Maestro^3 Serial No 211417,SandilandsK,LNT-AS,,2025-03-14,iyaktubay,2
GC1,FIELD OBSERVATIONS (FIELD CREW) - ELA,,304 LA CB,2024,2024-09-24,07:50,,[304 LA CB] [2024-09-24],14.7,1.2,6.0,E,7,dark,Orange,2.75,2.75,,1.25,3.14,0.00,2.00,2.50,3.00,0,0,,Yes,X03,"FIELD OBSERVATION PROCEDURES, 1993 ONWARD - ELA",RBR4,RBR #4 Maestro^3 Serial No 211417,SandilandsK,LNT-TD,,2025-03-14,iyaktubay,2
GC1,FIELD OBSERVATIONS (FIELD CREW) - ELA,,304 LA CB,2024,2024-10-08,08:05,,[304 LA CB] [2024-10-08],10.1,,,,1,dark,Orange,4.75,4.75,,1.00,5.12,0.00,2.00,,,0,0,,Yes,X03,"FIELD OBSERVATION PROCEDURES, 1993 ONWARD - ELA",RBR4,RBR #4 Maestro^3 Serial No 211417,SandilandsK,TD-LNT,,2025-03-14,iyaktubay,2
GC1,FIELD OBSERVATIONS (FIELD CREW) - ELA,,304 LA CB,2024,2024-10-28,08:28,,[304 LA CB] [2024-10-28],6.0,4.4,12.6,SE,0,Orange,Brown,,1.50,,1.50,1.56,0.00,2.00,,,5,1,,Yes,X03,"FIELD OBSERVATION PROCEDURES, 1993 ONWARD - ELA",RBR3,RBR #3 Maestro^3 Serial No 211416,SandilandsK,PF-NW,,2025-03-14,iyaktubay,2
